-- --------------------------------------------------------
-- Host:                         127.0.0.1
-- Server version:               10.4.28-MariaDB - mariadb.org binary distribution
-- Server OS:                    Win64
-- HeidiSQL Version:             12.5.0.6677
-- --------------------------------------------------------

/*!40101 SET @OLD_CHARACTER_SET_CLIENT=@@CHARACTER_SET_CLIENT */;
/*!40101 SET NAMES utf8 */;
/*!50503 SET NAMES utf8mb4 */;
/*!40103 SET @OLD_TIME_ZONE=@@TIME_ZONE */;
/*!40103 SET TIME_ZONE='+00:00' */;
/*!40014 SET @OLD_FOREIGN_KEY_CHECKS=@@FOREIGN_KEY_CHECKS, FOREIGN_KEY_CHECKS=0 */;
/*!40101 SET @OLD_SQL_MODE=@@SQL_MODE, SQL_MODE='NO_AUTO_VALUE_ON_ZERO' */;


-- Dumping structure for table twinkle.categories
CREATE TABLE IF NOT EXISTS `categories` (
  `id` bigint(20) NOT NULL AUTO_INCREMENT,
  `name` varchar(255) NOT NULL,
  PRIMARY KEY (`id`)
) ENGINE=InnoDB AUTO_INCREMENT=11 DEFAULT CHARSET=utf8mb4 COLLATE=utf8mb4_general_ci;

-- Dumping data for table twinkle.categories: ~10 rows (approximately)
DELETE FROM `categories`;
INSERT INTO `categories` (`id`, `name`) VALUES
	(1, 'Running'),
	(2, 'Training & Gym'),
	(3, 'Basketball'),
	(4, 'American Football'),
	(5, 'Yoga'),
	(6, 'Baseball'),
	(7, 'Football'),
	(8, 'Walking'),
	(9, 'Dancing'),
	(10, 'Tennis');

-- Dumping structure for table twinkle.customers
CREATE TABLE IF NOT EXISTS `customers` (
  `date_of_birth` datetime(6) DEFAULT NULL,
  `id` bigint(20) NOT NULL AUTO_INCREMENT,
  `user_id` bigint(20) DEFAULT NULL,
  `phone_number` varchar(10) NOT NULL,
  `fullname` varchar(100) DEFAULT NULL,
  `address` varchar(200) DEFAULT NULL,
  `avatar` varchar(255) DEFAULT NULL,
  PRIMARY KEY (`id`),
  UNIQUE KEY `UK_euat1oase6eqv195jvb71a93s` (`user_id`),
  CONSTRAINT `FKrh1g1a20omjmn6kurd35o3eit` FOREIGN KEY (`user_id`) REFERENCES `users` (`id`)
) ENGINE=InnoDB AUTO_INCREMENT=2 DEFAULT CHARSET=utf8mb4 COLLATE=utf8mb4_general_ci;

-- Dumping data for table twinkle.customers: ~0 rows (approximately)
DELETE FROM `customers`;
INSERT INTO `customers` (`date_of_birth`, `id`, `user_id`, `phone_number`, `fullname`, `address`, `avatar`) VALUES
	('2002-10-04 00:00:00.000000', 1, 3, '01234567', 'Bé Phú tới chơi', 'Bình Dương sao saii', 'https://img.myloview.com/stickers/default-avatar-profile-icon-vector-social-media-user-photo-700-205577532.jpg');

-- Dumping structure for table twinkle.detail_input_order
CREATE TABLE IF NOT EXISTS `detail_input_order` (
  `price` float DEFAULT NULL,
  `quantity` int(11) DEFAULT NULL,
  `size` float DEFAULT NULL,
  `id` bigint(20) NOT NULL AUTO_INCREMENT,
  `input_order_id` bigint(20) DEFAULT NULL,
  `product_id` bigint(20) DEFAULT NULL,
  PRIMARY KEY (`id`),
  KEY `FK172qte19s8ybmhtlcmflxjq7a` (`input_order_id`),
  KEY `FKiq8jh6ycuqw8vyx552qlaq3xn` (`product_id`),
  CONSTRAINT `FK172qte19s8ybmhtlcmflxjq7a` FOREIGN KEY (`input_order_id`) REFERENCES `input_order` (`id`),
  CONSTRAINT `FKiq8jh6ycuqw8vyx552qlaq3xn` FOREIGN KEY (`product_id`) REFERENCES `products` (`id`)
) ENGINE=InnoDB AUTO_INCREMENT=293 DEFAULT CHARSET=utf8mb4 COLLATE=utf8mb4_general_ci;

-- Dumping data for table twinkle.detail_input_order: ~262 rows (approximately)
DELETE FROM `detail_input_order`;
INSERT INTO `detail_input_order` (`price`, `quantity`, `size`, `id`, `input_order_id`, `product_id`) VALUES
	(250, 13, 40, 23, 5, 4),
	(250, 15, 44, 24, 5, 4),
	(250, 10, 37, 25, 5, 4),
	(250, 10, 35, 26, 5, 4),
	(250, 8, 44, 27, 5, 4),
	(400, 9, 38, 32, 6, 5),
	(400, 7, 37, 33, 6, 5),
	(400, 11, 40.5, 34, 6, 5),
	(400, 14, 35, 35, 6, 5),
	(159, 8, 40, 36, 7, 6),
	(159, 12, 40.5, 37, 7, 6),
	(159, 8, 45.5, 38, 7, 6),
	(159, 13, 44.5, 39, 7, 6),
	(159, 7, 39.5, 40, 7, 6),
	(139.9, 12, 46, 41, 8, 7),
	(139.9, 5, 35.5, 42, 8, 7),
	(139.9, 15, 45.5, 43, 8, 7),
	(139.9, 13, 46, 44, 8, 7),
	(139.9, 13, 42.5, 45, 8, 7),
	(139.9, 15, 38.5, 46, 8, 7),
	(199, 8, 35.5, 47, 9, 8),
	(199, 15, 39.5, 48, 9, 8),
	(199, 13, 45, 49, 9, 8),
	(199, 13, 42.5, 50, 9, 8),
	(199, 8, 45.5, 51, 9, 8),
	(120, 5, 41, 56, 11, 10),
	(120, 10, 42.5, 57, 11, 10),
	(120, 6, 42, 58, 11, 10),
	(120, 14, 36.5, 59, 11, 10),
	(120, 9, 40.5, 60, 11, 10),
	(120, 5, 40, 61, 11, 10),
	(80, 5, 36.5, 62, 12, 11),
	(80, 13, 43, 63, 12, 11),
	(80, 13, 42.5, 64, 12, 11),
	(80, 5, 36, 65, 12, 11),
	(80, 11, 38.5, 66, 12, 11),
	(120, 11, 44.5, 67, 13, 12),
	(120, 11, 45.5, 68, 13, 12),
	(120, 13, 41, 69, 13, 12),
	(120, 6, 42, 70, 13, 12),
	(120, 14, 40.5, 71, 13, 12),
	(150, 6, 42.5, 72, 14, 13),
	(150, 15, 39, 73, 14, 13),
	(150, 10, 43, 74, 14, 13),
	(150, 7, 40, 75, 14, 13),
	(150, 8, 39.5, 76, 14, 13),
	(130, 10, 37.5, 77, 15, 14),
	(130, 7, 42.5, 78, 15, 14),
	(130, 14, 39.5, 79, 15, 14),
	(130, 13, 42.5, 80, 15, 14),
	(130, 8, 36.5, 81, 15, 14),
	(129, 6, 37, 82, 16, 15),
	(129, 9, 37.5, 83, 16, 15),
	(129, 8, 43, 84, 16, 15),
	(129, 8, 42.5, 85, 16, 15),
	(129, 14, 38.5, 86, 16, 15),
	(159.99, 7, 35, 87, 17, 16),
	(159.99, 9, 39, 88, 17, 16),
	(159.99, 14, 35.5, 89, 17, 16),
	(159.99, 12, 45.5, 90, 17, 16),
	(159.99, 11, 39.5, 91, 17, 16),
	(159.99, 7, 46, 92, 17, 16),
	(139.99, 13, 38, 93, 18, 17),
	(139.99, 13, 39, 94, 18, 17),
	(139.99, 9, 38, 95, 18, 17),
	(139.99, 6, 42.5, 96, 18, 17),
	(139.99, 12, 43, 97, 18, 17),
	(139.99, 15, 40.5, 98, 18, 17),
	(139.99, 11, 39.5, 99, 18, 17),
	(139.99, 9, 45.5, 100, 18, 17),
	(109.99, 12, 37, 101, 19, 18),
	(109.99, 8, 39.5, 102, 19, 18),
	(109.99, 5, 43, 103, 19, 18),
	(109.99, 9, 38.5, 104, 19, 18),
	(109.99, 13, 37.5, 105, 19, 18),
	(164.99, 5, 42.5, 106, 20, 19),
	(164.99, 8, 38, 107, 20, 19),
	(164.99, 14, 36, 108, 20, 19),
	(164.99, 10, 40.5, 109, 20, 19),
	(164.99, 12, 42, 110, 20, 19),
	(164.99, 6, 43, 111, 20, 19),
	(139.99, 8, 45, 112, 21, 20),
	(139.99, 14, 42, 113, 21, 20),
	(139.99, 9, 35.5, 114, 21, 20),
	(139.99, 14, 46, 115, 21, 20),
	(139.99, 12, 41, 116, 21, 20),
	(139.99, 12, 37, 117, 21, 20),
	(169.99, 11, 44.5, 118, 22, 21),
	(169.99, 8, 40, 119, 22, 21),
	(169.99, 15, 42, 120, 22, 21),
	(169.99, 5, 44, 121, 22, 21),
	(169.99, 10, 38.5, 122, 22, 21),
	(169.99, 13, 39, 123, 22, 21),
	(75, 11, 40.5, 124, 23, 22),
	(75, 12, 44, 125, 23, 22),
	(75, 5, 43.5, 126, 23, 22),
	(75, 15, 36, 127, 23, 22),
	(75, 11, 36.5, 128, 23, 22),
	(75, 6, 45, 129, 23, 22),
	(75, 14, 37.5, 130, 23, 22),
	(65, 13, 39, 131, 24, 23),
	(65, 12, 35, 132, 24, 23),
	(65, 10, 36.5, 133, 24, 23),
	(65, 10, 39.5, 134, 24, 23),
	(65, 5, 41.5, 135, 24, 23),
	(65, 10, 40.5, 136, 24, 23),
	(110, 7, 41, 137, 26, 24),
	(110, 13, 45.5, 138, 26, 24),
	(110, 7, 37.5, 139, 26, 24),
	(110, 8, 46, 140, 26, 24),
	(110, 15, 45.5, 141, 26, 24),
	(110, 5, 40.5, 142, 26, 24),
	(110, 10, 35.5, 143, 26, 24),
	(90, 6, 40, 144, 27, 25),
	(90, 14, 43.5, 145, 27, 25),
	(90, 5, 39, 146, 27, 25),
	(90, 8, 44, 147, 27, 25),
	(90, 10, 42, 148, 27, 25),
	(90, 11, 46, 149, 27, 25),
	(85, 5, 36.5, 150, 28, 26),
	(85, 8, 39.5, 151, 28, 26),
	(85, 8, 40, 152, 28, 26),
	(85, 5, 43.5, 153, 28, 26),
	(85, 8, 44.5, 154, 28, 26),
	(85, 11, 42.5, 155, 28, 26),
	(210, 6, 37, 156, 29, 27),
	(210, 12, 38.5, 157, 29, 27),
	(210, 15, 37.5, 158, 29, 27),
	(210, 11, 45.5, 159, 29, 27),
	(210, 8, 38.5, 160, 29, 27),
	(210, 13, 45, 161, 29, 27),
	(347, 11, 41, 162, 30, 28),
	(347, 5, 39.5, 163, 30, 28),
	(347, 11, 45.5, 164, 30, 28),
	(347, 8, 35.5, 165, 30, 28),
	(347, 8, 42.5, 166, 30, 28),
	(347, 8, 37.5, 167, 30, 28),
	(347, 15, 45.5, 168, 30, 28),
	(125, 13, 44, 169, 31, 29),
	(125, 7, 43, 170, 31, 29),
	(125, 12, 45.5, 171, 31, 29),
	(125, 9, 39.5, 172, 31, 29),
	(125, 14, 37.5, 173, 31, 29),
	(125, 15, 37, 174, 31, 29),
	(125, 11, 42, 175, 31, 29),
	(120, 13, 46, 176, 32, 30),
	(120, 11, 45.5, 177, 32, 30),
	(120, 14, 45.5, 178, 32, 30),
	(120, 12, 35, 179, 32, 30),
	(120, 13, 36.5, 180, 32, 30),
	(120, 14, 38.5, 181, 32, 30),
	(130, 15, 38, 182, 33, 31),
	(130, 7, 42.5, 183, 33, 31),
	(130, 12, 42.5, 184, 33, 31),
	(130, 6, 45, 185, 33, 31),
	(130, 15, 39.5, 186, 33, 31),
	(130, 9, 46, 187, 33, 31),
	(130, 7, 35, 188, 33, 31),
	(120, 12, 38, 189, 34, 32),
	(120, 7, 45.5, 190, 34, 32),
	(120, 5, 36, 191, 34, 32),
	(120, 15, 40, 192, 34, 32),
	(120, 5, 40.5, 193, 34, 32),
	(120, 10, 36.5, 194, 34, 32),
	(120, 8, 42, 195, 34, 32),
	(110, 8, 35.5, 196, 35, 33),
	(110, 9, 43, 197, 35, 33),
	(110, 15, 42, 198, 35, 33),
	(110, 8, 45, 199, 35, 33),
	(110, 11, 36, 200, 35, 33),
	(110, 15, 44.5, 201, 35, 33),
	(110, 8, 44.5, 202, 35, 33),
	(159.99, 11, 42.5, 203, 36, 34),
	(159.99, 10, 35, 204, 36, 34),
	(159.99, 14, 41.5, 205, 36, 34),
	(159.99, 13, 43.5, 206, 36, 34),
	(159.99, 10, 42, 207, 36, 34),
	(159.99, 8, 44, 208, 36, 34),
	(159.99, 11, 35, 209, 36, 34),
	(159.99, 14, 43, 210, 36, 34),
	(450, 14, 45.5, 211, 37, 35),
	(450, 10, 39.5, 212, 37, 35),
	(450, 14, 41.5, 213, 37, 35),
	(450, 7, 36.5, 214, 37, 35),
	(450, 7, 39.5, 215, 37, 35),
	(450, 8, 43.5, 216, 37, 35),
	(450, 12, 36, 217, 37, 35),
	(148, 8, 38.5, 218, 38, 36),
	(148, 10, 41, 219, 38, 36),
	(148, 15, 41, 220, 38, 36),
	(148, 5, 37.5, 221, 38, 36),
	(148, 14, 40.5, 222, 38, 36),
	(148, 10, 38, 223, 38, 36),
	(148, 15, 35, 224, 38, 36),
	(120, 10, 39.5, 225, 39, 37),
	(120, 9, 41, 226, 39, 37),
	(120, 10, 41, 227, 39, 37),
	(120, 7, 43, 228, 39, 37),
	(120, 5, 40, 229, 39, 37),
	(120, 5, 44, 230, 39, 37),
	(120, 9, 37.5, 231, 39, 37),
	(250, 7, 38.5, 232, 40, 38),
	(250, 13, 36, 233, 40, 38),
	(250, 14, 45, 234, 40, 38),
	(250, 8, 35.5, 235, 40, 38),
	(250, 9, 38, 236, 40, 38),
	(250, 7, 43, 237, 40, 38),
	(250, 12, 37, 238, 40, 38),
	(120, 10, 36, 239, 41, 39),
	(120, 5, 45, 240, 41, 39),
	(120, 11, 42.5, 241, 41, 39),
	(120, 10, 44, 242, 41, 39),
	(120, 5, 41, 243, 41, 39),
	(120, 9, 36, 244, 41, 39),
	(170, 8, 36.5, 245, 42, 40),
	(170, 9, 35, 246, 42, 40),
	(170, 7, 43.5, 247, 42, 40),
	(170, 5, 37, 248, 42, 40),
	(170, 7, 35.5, 249, 42, 40),
	(170, 13, 45.5, 250, 42, 40),
	(170, 7, 45.5, 251, 42, 40),
	(170, 8, 40.5, 252, 43, 41),
	(170, 10, 43.5, 253, 43, 41),
	(170, 5, 45, 254, 43, 41),
	(170, 8, 37, 255, 43, 41),
	(170, 6, 39, 256, 43, 41),
	(170, 13, 35, 257, 43, 41),
	(170, 6, 44.5, 258, 43, 41),
	(170, 10, 42.5, 259, 43, 41),
	(130, 15, 39.5, 260, 44, 42),
	(130, 13, 43.5, 261, 44, 42),
	(130, 9, 38.5, 262, 44, 42),
	(130, 6, 39.5, 263, 44, 42),
	(130, 9, 45.5, 264, 44, 42),
	(130, 11, 38.5, 265, 44, 42),
	(130, 13, 45.5, 266, 44, 42),
	(59, 8, 37.5, 267, 45, 43),
	(59, 6, 42, 268, 45, 43),
	(59, 7, 46, 269, 45, 43),
	(59, 7, 43.5, 270, 45, 43),
	(59, 10, 37, 271, 45, 43),
	(59, 5, 42, 272, 45, 43),
	(59, 8, 45, 273, 45, 43),
	(4, 6, 37.5, 274, 46, 44),
	(4, 9, 42.5, 275, 46, 44),
	(4, 6, 40.5, 276, 46, 44),
	(4, 7, 44, 277, 46, 44),
	(4, 8, 44.5, 278, 46, 44),
	(4, 12, 45.5, 279, 46, 44),
	(4, 8, 43.5, 280, 46, 44),
	(169, 15, 35, 281, 47, 45),
	(169, 5, 41.5, 282, 47, 45),
	(169, 14, 45.5, 283, 47, 45),
	(169, 5, 44.5, 284, 47, 45),
	(169, 6, 37, 285, 47, 45),
	(169, 11, 35, 286, 47, 45),
	(169, 13, 35, 287, 47, 45),
	(169, 6, 42, 288, 47, 45),
	(40, 7, 44, 289, 9, 9),
	(40, 8, 44.5, 290, 9, 9),
	(40, 13, 35.5, 291, 9, 9),
	(40, 9, 43.5, 292, 9, 9);

-- Dumping structure for table twinkle.employees
CREATE TABLE IF NOT EXISTS `employees` (
  `date_of_birth` datetime(6) DEFAULT NULL,
  `id` bigint(20) NOT NULL AUTO_INCREMENT,
  `user_id` bigint(20) DEFAULT NULL,
  `phone_number` varchar(10) NOT NULL,
  `fullname` varchar(100) DEFAULT NULL,
  `address` varchar(200) DEFAULT NULL,
  `avatar` varchar(255) DEFAULT NULL,
  PRIMARY KEY (`id`),
  KEY `FK69x3vjuy1t5p18a5llb8h2fjx` (`user_id`),
  CONSTRAINT `FK69x3vjuy1t5p18a5llb8h2fjx` FOREIGN KEY (`user_id`) REFERENCES `users` (`id`)
) ENGINE=InnoDB AUTO_INCREMENT=3 DEFAULT CHARSET=utf8mb4 COLLATE=utf8mb4_general_ci;

-- Dumping data for table twinkle.employees: ~0 rows (approximately)
DELETE FROM `employees`;
INSERT INTO `employees` (`date_of_birth`, `id`, `user_id`, `phone_number`, `fullname`, `address`, `avatar`) VALUES
	('2002-11-02 00:00:00.000000', 1, 2, '0911077285', 'Trịnh Huỳnh Chấn Quang', 'Thanh Đa', 'https://res.cloudinary.com/dxctlgwec/image/upload/v1695958085/q0vm9ch3jzdddpkgx7qv.jpg'),
	('1975-03-20 08:00:00.000000', 2, 4, '0918245977', 'Huỳnh Thị Thu Hồng', '123 thanh da', 'https://img.myloview.com/stickers/default-avatar-profile-icon-vector-social-media-user-photo-700-205577532.jpg');

-- Dumping structure for table twinkle.input_order
CREATE TABLE IF NOT EXISTS `input_order` (
  `created_at` datetime(6) DEFAULT NULL,
  `employee_id` bigint(20) DEFAULT NULL,
  `id` bigint(20) NOT NULL AUTO_INCREMENT,
  `provider_id` bigint(20) DEFAULT NULL,
  `updated_at` datetime(6) DEFAULT NULL,
  PRIMARY KEY (`id`),
  KEY `FKgn9kf9re604r5dd69di7brh3x` (`employee_id`),
  KEY `FKg0tv24w7o5eqfg6kiyw79qach` (`provider_id`),
  CONSTRAINT `FKg0tv24w7o5eqfg6kiyw79qach` FOREIGN KEY (`provider_id`) REFERENCES `provider` (`id`),
  CONSTRAINT `FKgn9kf9re604r5dd69di7brh3x` FOREIGN KEY (`employee_id`) REFERENCES `employees` (`id`)
) ENGINE=InnoDB AUTO_INCREMENT=48 DEFAULT CHARSET=utf8mb4 COLLATE=utf8mb4_general_ci;

-- Dumping data for table twinkle.input_order: ~43 rows (approximately)
DELETE FROM `input_order`;
INSERT INTO `input_order` (`created_at`, `employee_id`, `id`, `provider_id`, `updated_at`) VALUES
	('2023-11-03 17:01:21.909355', 1, 4, 1, '2023-11-04 00:14:05.153444'),
	('2023-11-04 00:12:47.333602', 1, 5, 1, '2023-11-04 00:13:22.741290'),
	('2023-11-04 00:16:09.554587', 1, 6, 1, '2023-11-04 00:16:36.604437'),
	('2023-11-04 00:18:35.778297', 1, 7, 1, '2023-11-04 00:19:11.669323'),
	('2023-11-04 00:19:55.865095', 1, 8, 1, '2023-11-04 00:20:29.783395'),
	('2023-11-04 00:22:01.000000', 1, 9, 1, '2023-11-06 19:54:33.000000'),
	('2023-11-04 00:24:49.051389', 1, 10, 1, '2023-11-04 00:25:13.109523'),
	('2023-11-04 00:26:03.397418', 1, 11, 3, '2023-11-04 00:26:26.524419'),
	('2023-11-04 00:27:26.164996', 1, 12, 3, '2023-11-04 00:27:48.078595'),
	('2023-11-03 17:33:28.213465', 1, 13, 3, '2023-11-03 17:33:32.560518'),
	('2023-11-03 17:34:43.839645', 1, 14, 3, '2023-11-03 17:34:47.785466'),
	('2023-11-03 17:35:33.593659', 1, 15, 3, '2023-11-03 17:35:37.924959'),
	('2023-11-03 17:36:33.632611', 1, 16, 3, '2023-11-03 17:36:38.116951'),
	('2023-11-04 00:34:52.178876', 1, 17, 7, '2023-11-04 00:34:55.126827'),
	('2023-11-04 00:35:53.032499', 1, 18, 7, '2023-11-04 00:35:55.103759'),
	('2023-11-04 00:37:01.598489', 1, 19, 7, '2023-11-04 00:37:03.853298'),
	('2023-11-04 00:37:58.027187', 1, 20, 7, '2023-11-04 00:38:00.886981'),
	('2023-11-04 00:38:53.885918', 1, 21, 7, '2023-11-04 00:38:55.746351'),
	('2023-11-04 00:39:45.434568', 1, 22, 7, '2023-11-04 00:39:48.078161'),
	('2023-11-04 11:09:06.687940', 1, 23, 6, '2023-11-04 11:09:11.221601'),
	('2023-11-04 11:13:48.278002', 1, 24, 6, '2023-11-04 11:13:50.957614'),
	('2023-11-04 11:17:34.751592', 1, 26, 6, '2023-11-04 11:17:39.258122'),
	('2023-11-04 11:17:35.770946', 1, 27, 6, '2023-11-04 11:17:39.843755'),
	('2023-11-04 11:20:02.836513', 1, 28, 6, '2023-11-04 11:20:05.938870'),
	('2023-11-04 11:21:29.740614', 1, 29, 6, '2023-11-04 11:21:34.966436'),
	('2023-11-04 11:24:56.185647', 1, 30, 4, '2023-11-04 11:24:59.444455'),
	('2023-11-04 11:27:19.346672', 1, 31, 4, '2023-11-04 11:27:21.662790'),
	('2023-11-04 11:28:54.260703', 1, 32, 4, '2023-11-04 11:28:56.846801'),
	('2023-11-04 11:30:13.662341', 1, 33, 4, '2023-11-04 11:30:17.289716'),
	('2023-11-04 11:31:38.393886', 1, 34, 4, '2023-11-04 11:31:42.274347'),
	('2023-11-04 11:32:59.734910', 1, 35, 4, '2023-11-04 11:33:03.663053'),
	('2023-11-05 16:11:58.080333', 1, 36, 2, '2023-11-05 16:12:03.670538'),
	('2023-11-05 16:13:16.868001', 1, 37, 2, '2023-11-05 16:13:22.353100'),
	('2023-11-05 16:19:01.120387', 1, 38, 2, '2023-11-05 16:19:08.021617'),
	('2023-11-05 16:20:09.026424', 1, 39, 2, '2023-11-05 16:20:16.764697'),
	('2023-11-05 16:22:20.504120', 1, 40, 2, '2023-11-05 16:22:26.275704'),
	('2023-11-05 16:23:38.828754', 1, 41, 2, '2023-11-05 16:23:44.196944'),
	('2023-11-06 05:54:35.222298', 1, 42, 5, '2023-11-06 05:54:39.843383'),
	('2023-11-06 05:55:43.219493', 1, 43, 5, '2023-11-06 05:55:45.489684'),
	('2023-11-06 05:56:59.047311', 1, 44, 5, '2023-11-06 05:57:02.042816'),
	('2023-11-06 05:59:16.481823', 1, 45, 5, '2023-11-06 05:59:20.763975'),
	('2023-11-06 06:00:45.083231', 1, 46, 5, '2023-11-06 06:00:48.302440'),
	('2023-11-06 06:02:06.143440', 1, 47, 5, '2023-11-06 06:02:10.572746');

-- Dumping structure for table twinkle.orders
CREATE TABLE IF NOT EXISTS `orders` (
  `active` bit(1) DEFAULT NULL,
  `shipping_date` date DEFAULT NULL,
  `total_money` float DEFAULT NULL,
  `id` bigint(20) NOT NULL AUTO_INCREMENT,
  `order_date` datetime(6) DEFAULT NULL,
  `user_id` bigint(20) DEFAULT NULL,
  `address` varchar(100) DEFAULT NULL,
  `email` varchar(100) DEFAULT NULL,
  `fullname` varchar(100) DEFAULT NULL,
  `note` varchar(100) DEFAULT NULL,
  `phone_number` varchar(100) NOT NULL,
  `payment_method` varchar(255) DEFAULT NULL,
  `shipping_address` varchar(255) DEFAULT NULL,
  `shipping_method` varchar(255) DEFAULT NULL,
  `status` varchar(255) DEFAULT NULL,
  `tracking_number` varchar(255) DEFAULT NULL,
  PRIMARY KEY (`id`),
  KEY `FK32ql8ubntj5uh44ph9659tiih` (`user_id`),
  CONSTRAINT `FK32ql8ubntj5uh44ph9659tiih` FOREIGN KEY (`user_id`) REFERENCES `users` (`id`)
) ENGINE=InnoDB AUTO_INCREMENT=45 DEFAULT CHARSET=utf8mb4 COLLATE=utf8mb4_general_ci;

-- Dumping data for table twinkle.orders: ~1 rows (approximately)
DELETE FROM `orders`;
INSERT INTO `orders` (`active`, `shipping_date`, `total_money`, `id`, `order_date`, `user_id`, `address`, `email`, `fullname`, `note`, `phone_number`, `payment_method`, `shipping_address`, `shipping_method`, `status`, `tracking_number`) VALUES
	(b'1', '2023-11-16', 576, 43, '2023-11-13 09:42:05.000000', 1, '12 thanh da', 'quangtrinhhuynh02@gmail.com', 'Trinh Huynh Chan Quang', '', '0911077285', 'COD', NULL, 'Vận chuyển từ nhà bán', 'Đã giao hàng', NULL),
	(b'1', '2023-11-16', 249.6, 44, '2023-11-13 10:37:12.000000', 2, '12 thanh da', 'quangtrinhhuynh02@gmail.com', 'chanquang', '', '0911077285', 'COD', NULL, 'Vận chuyển từ nhà bán', 'Đã giao hàng', NULL);

-- Dumping structure for table twinkle.order_details
CREATE TABLE IF NOT EXISTS `order_details` (
  `number_of_products` int(11) DEFAULT NULL,
  `product_price` float DEFAULT NULL,
  `total_money` float DEFAULT NULL,
  `id` bigint(20) NOT NULL AUTO_INCREMENT,
  `order_id` bigint(20) DEFAULT NULL,
  `product_id` bigint(20) DEFAULT NULL,
  `size` float DEFAULT NULL,
  PRIMARY KEY (`id`),
  KEY `FKjyu2qbqt8gnvno9oe9j2s2ldk` (`order_id`),
  KEY `FK4q98utpd73imf4yhttm3w0eax` (`product_id`),
  CONSTRAINT `FK4q98utpd73imf4yhttm3w0eax` FOREIGN KEY (`product_id`) REFERENCES `products` (`id`),
  CONSTRAINT `FKjyu2qbqt8gnvno9oe9j2s2ldk` FOREIGN KEY (`order_id`) REFERENCES `orders` (`id`)
) ENGINE=InnoDB AUTO_INCREMENT=84 DEFAULT CHARSET=utf8mb4 COLLATE=utf8mb4_general_ci;

-- Dumping data for table twinkle.order_details: ~9 rows (approximately)
DELETE FROM `order_details`;
INSERT INTO `order_details` (`number_of_products`, `product_price`, `total_money`, `id`, `order_id`, `product_id`, `size`) VALUES
	(1, 4.8, 4.8, 75, 43, 44, 44),
	(1, 4.8, 4.8, 76, 43, 44, 43.5),
	(1, 48, 48, 77, 43, 9, 44),
	(1, 102, 102, 78, 43, 26, 43.5),
	(1, 416.4, 416.4, 79, 43, 28, 45.5),
	(1, 4.8, 4.8, 80, 44, 44, 44),
	(1, 4.8, 4.8, 81, 44, 44, 43.5),
	(1, 150, 150, 82, 44, 29, 42),
	(1, 90, 90, 83, 44, 22, 36.5);

-- Dumping structure for table twinkle.products
CREATE TABLE IF NOT EXISTS `products` (
  `category_id` bigint(20) DEFAULT NULL,
  `created_at` datetime(6) DEFAULT NULL,
  `is_active` bit(1) DEFAULT NULL,
  `id` bigint(20) NOT NULL AUTO_INCREMENT,
  `updated_at` datetime(6) DEFAULT NULL,
  `description` varchar(800) DEFAULT NULL,
  `thumbnail` varchar(300) DEFAULT NULL,
  `name` varchar(350) NOT NULL,
  PRIMARY KEY (`id`),
  KEY `FKog2rp4qthbtt2lfyhfo32lsw9` (`category_id`),
  CONSTRAINT `FKog2rp4qthbtt2lfyhfo32lsw9` FOREIGN KEY (`category_id`) REFERENCES `categories` (`id`)
) ENGINE=InnoDB AUTO_INCREMENT=46 DEFAULT CHARSET=utf8mb4 COLLATE=utf8mb4_general_ci;

-- Dumping data for table twinkle.products: ~43 rows (approximately)
DELETE FROM `products`;
INSERT INTO `products` (`category_id`, `created_at`, `is_active`, `id`, `updated_at`, `description`, `thumbnail`, `name`) VALUES
	(1, '2023-11-03 17:01:21.946308', b'1', 3, '2023-11-03 17:01:26.628939', 'Men\'s Road Racing Shoes\nOnce you take a few strides in the Nike Air Zoom Alphafly NEXT% 2, you\'ll never look at your favourite pair of old racing shoes the same way again. These rocket ships are made to help shave precious time off your personal records without surrendering the foundation you need to go the full distance. A thick, lightweight support system marries the 2 worlds of comfort and speed in holy running matrimony. Enjoy the greatest energy return of all our racing shoes while you chase your personal bests.', 'https://res.cloudinary.com/dxctlgwec/image/upload/v1699030882/gvucu1lytpqnbse3idie.webp', 'Nike Alphafly 2'),
	(10, '2023-11-04 00:12:48.114884', b'1', 4, '2023-11-04 00:14:05.153444', 'Men\'s Tennis Shoes\nEtch your name into greatness with the Vapor 9.5 Tour. The scribble graphic adds a playful touch to your game, while the acrylic design details nod to the majestic murals found deep in the Southern California desert, the ones bestowed upon winners and legends alike each spring. It has a breathable mesh upper that moves with your foot, and a Zoom Air unit provides stability and a lightweight, responsive feel on the court.', 'https://res.cloudinary.com/dxctlgwec/image/upload/v1699031573/z7spsebiasin8msmebw0.webp', 'NikeCourt Air Zoom Vapor 9.5 Tour Premium'),
	(1, '2023-11-04 00:16:10.037099', b'1', 5, '2023-11-04 00:16:36.604437', 'Men\'s Road Racing Shoes\nOnce you take a few strides in the Nike Air Zoom Alphafly NEXT% 2, you\'ll never look at your favourite pair of old racing shoes the same way again. These rocket ships are made to help shave precious time off your personal records without surrendering the foundation you need to go the full distance. A thick, lightweight support system marries the 2 worlds of comfort and speed in holy running matrimony. Enjoy the greatest energy return of all our racing shoes while you chase your personal bests.', 'https://res.cloudinary.com/dxctlgwec/image/upload/v1699031775/z4mxjdjuiy103xzwddr2.webp', 'Nike Alphafly 2'),
	(7, '2023-11-04 00:18:36.593743', b'1', 6, '2023-11-04 00:19:11.670324', 'Multi-Ground Football Boot\nInstantly tilt the pitch in the bold design of the Superfly 9 Academy MG. It\'s loaded with a Zoom Air unit and flexible NikeSkin up top for exceptional touch, so you can dominate in the waning minutes of a match—when it matters most. Fast is in the Air.', 'https://res.cloudinary.com/dxctlgwec/image/upload/v1699031925/le4qhxu0evwxt37b8s0r.webp', 'Nike Mercurial Superfly 9 Academy'),
	(2, '2023-11-04 00:19:56.510380', b'1', 7, '2023-11-04 00:20:29.783395', 'Men\'s Workout Shoes\nWhen your workouts wade into the nitty-gritty, the Nike Free Metcon 5 can meet you in the depths, help you dig deep to find that final ounce of force and come out of the other side on a high. It matches style with substance, forefoot flexibility with back-end stability, perfect for flying through a cardio day or enhancing your agility. A revamped upper offers easier entry with a collar made just for your ankle.', 'https://res.cloudinary.com/dxctlgwec/image/upload/v1699032005/inxvpf0crub9h2yhhpcn.webp', 'Nike Free Metcon 5'),
	(8, '2023-11-04 00:22:02.288384', b'1', 8, '2023-11-04 00:22:29.722289', 'Men\'s shoes\nMeet the leader of the pack. Walking on clouds above the noise, the Air Max 1 blends timeless design with cushioned comfort. Sporting a fast-paced look, wavy mudguard and Nike Air, this classic icon hit the scene in \'87 and continues to be the soul of the franchise today.', 'https://res.cloudinary.com/dxctlgwec/image/upload/v1699032129/pnhpzv1uh9honlgdqal2.webp', 'Nike Air Max 1'),
	(9, '2023-11-04 00:24:49.000000', b'1', 9, '2023-11-06 19:54:33.000000', 'Men\'s Slides\nWant to transition effortlessly between work and play? Built to feel good all day, these plush slides use a rugged tread pattern for traction on a variety of surfaces. The new and improved closure hugs the top of your foot just right. Step in, cinch it closed and get going.', 'https://res.cloudinary.com/dxctlgwec/image/upload/v1699032294/tpav3rvsjjgablixap3l.webp', 'Nike Asuna 2'),
	(3, '2023-11-04 00:26:04.048743', b'1', 10, '2023-11-04 00:26:26.524419', 'GAME DAY BOOST\nThe All Star BB Trilliant CX is equipped to help handle all aspects of your game. From first step to last shot, this one adds bounce to your step with a Nike Zoom Air unit. There\'s also underfoot tread for better grip, so you can start and stop on a dime. You can even fit your game-day style to your mood with a convertible tongue for double the on-court looks.', 'https://res.cloudinary.com/dxctlgwec/image/upload/v1699032372/qobltghw28el7jz6pb5f.jpg', 'All Star BB Trilliant CX'),
	(6, '2023-11-04 00:27:26.829732', b'1', 11, '2023-11-04 00:27:48.078595', 'FOR YOUR BOARD\nOutside, they look like classic Chucks. But under durable suede, you\'ll find upgrades to give you comfort and performance cues that are all CONS. Toss them on if you want an everyday style you can count on—on and off the board.', 'https://res.cloudinary.com/dxctlgwec/image/upload/v1699032453/idoviaw4rf6jwklgsiah.jpg', 'CONS Chuck Taylor All Star Pro Suede'),
	(8, '2023-11-03 17:33:28.241750', b'1', 12, '2023-11-03 17:33:32.562439', 'DOWNTOWN TO DOWNPOURS\nWhen it comes to fall weather, expect the unexpected. Converse knows this, and that\'s why we designed the Chuck Taylor All Star City Trek WP. It\'s a timeless look, now in a boot, with four innovations to get you through fall: waterproofing, comfort, traction, and warmth. Non-wicking canvas helps to keep you dry, while gussets lock the tongue—and warmth—in place. A Converse Traction Utility tread pattern helps keep you steady on rainy commutes. Plus, it comes in easy-to-wear colors to help you ground your fall style.', 'https://res.cloudinary.com/dxctlgwec/image/upload/v1699032808/pw7zypexkm58f9vm3rsc.jpg', 'Chuck Taylor All Star City Trek Waterproof Boot'),
	(4, '2023-11-03 17:34:43.850942', b'1', 13, '2023-11-03 17:34:47.785557', 'CLASSIC CHUCK 70 WITH A PLAYFUL TWIST\nWear your heart on your shoes with the Converse x Comme des Garçons PLAY Chuck 70 sneaker. This street-ready style features the premium Chuck details you know and love, paired with whimsical heart-and-eyes graphics. Eye-catching is an understatement.', 'https://res.cloudinary.com/dxctlgwec/image/upload/v1699032884/qi7g5n1if0g2zuywa4dn.jpg', 'Converse x Comme des Garçons PLAY Chuck 70 Multi Heart'),
	(9, '2023-11-03 17:35:33.606452', b'1', 14, '2023-11-03 17:35:37.925125', 'FUTURE FAVORITE\nAn evolution of the fan-favorite Run Star Hike, the RSL Chelsea Boot CX mixes bold platform styling with premium comfort and easy accessibility. A lightweight CX midsole and sockliner keep you light on your feet, while distorted Chuck Taylor design elements keep them guessing. A luxe take on the original, this edition pairs a monochrome, full-grain leather upper with a stretchy collar and zippered closure for everyday versatility.', 'https://res.cloudinary.com/dxctlgwec/image/upload/v1699032934/gbl5ma56kyjy5lbrdtdl.jpg', 'Run Star Legacy Chelsea Boot CX'),
	(4, '2023-11-03 17:36:33.639737', b'1', 15, '2023-11-03 17:36:38.117037', 'FUTURE FAVORITE\nAn evolution of the fan-favorite Run Star Hike, the RSL Chelsea Boot CX mixes bold platform styling with premium comfort and easy accessibility. A lightweight CX midsole and sockliner keep you light on your feet, while distorted Chuck Taylor design elements keep them guessing. A luxe take on the original, this edition pairs a monochrome, full-grain leather upper with a stretchy collar and zippered closure for everyday versatility.', 'https://res.cloudinary.com/dxctlgwec/image/upload/v1699032994/m76u8inwbsph3xvode63.jpg', 'Run Star Legacy Chelsea Boot CX'),
	(1, '2023-11-04 00:34:52.230600', b'1', 16, '2023-11-04 00:34:55.128615', 'Whether you\'re hitting the trails for training or just to enjoy the scenery, you can keep your feet cool, comfortable and cushioned with the New Balance Fresh Foam X More Trail v3. This trail running shoe includes a synthetic/mesh upper for breathability, and a two-part Fresh Foam X midsole for exceptional comfort. Also featuring Toe Protect technology and our highest all-terrain stack height, these shoes help keep your feet protected from debris, no matter where you roam.', 'https://res.cloudinary.com/dxctlgwec/image/upload/v1699058092/a0x1n3bengbah37qd0li.webp', 'Fresh Foam X More Trail v3'),
	(2, '2023-11-04 00:35:53.037067', b'1', 17, '2023-11-04 00:35:55.103901', 'Comfortable and functional, our versatile MX857V3 is an all-star shoe that works for the gym or in your everyday rotation. Featuring a durable leather upper, these men\'s training shoes include ROLLBAR technology for enhanced stability and support. A PU insert delivers underfoot comfort whether you\'re hitting the gym or your morning commute.', 'https://res.cloudinary.com/dxctlgwec/image/upload/v1699058153/ibqbhq4kjwyc6jecvhho.webp', 'MX857V3'),
	(6, '2023-11-04 00:37:01.620104', b'1', 18, '2023-11-04 00:37:03.853431', 'The New Balance FuelCell Lindor 2 Pre-Game is the signature turf trainer of New Balance Athlete Francisco Lindor. Built for both performance and style, the baseball shoe is stacked with technology, including a plush FuelCell midsole for a propulsive feel. The outsole pattern adds traction, while the upper is made with synthetic materials. Speedlace combined with hook-and-loop straps, provide lockdown fit and easy adjustability..\n\nFor pitchers with excessive toe drag, we recommend using a toe-protection product to extend the life of your cleat.', 'https://res.cloudinary.com/dxctlgwec/image/upload/v1699058221/nxxe5dzqu8xsgeiqdwmi.webp', 'FuelCell Lindor 2 Pre-Game Vintage Puerto Rico'),
	(3, '2023-11-04 00:37:58.033652', b'1', 19, '2023-11-04 00:38:00.887103', 'After uncovering the 650 silhouette from the archive in 2021, Aimé Leon Dore brings back a new material pack of the model to celebrate the Mulberry Classic hoops tournament that took place on June 10th on E Houston St. A timeless athletic design features a white leather upper that is accented with black, baby blue, and green color pops and a gum rubber outsole. Open mesh is introduced at the ankle collar, tongue, and on the shoe\'s \'N\' branding. A woven, co-branded tongue label features a contrasting flying New Balance logo set against a tonal version of Aimé Leon Dore\'s signature apple basketball mark.', 'https://res.cloudinary.com/dxctlgwec/image/upload/v1699058278/dyb1qfb9uqfl6brae2pb.webp', 'ALD x New Balance 650R'),
	(8, '2023-11-04 00:38:53.896016', b'1', 20, '2023-11-04 00:38:55.746500', 'A versatile, performance-driven shoe with responsive cushioning and a supportive outsole to keep up with your active lifestyle.', 'https://res.cloudinary.com/dxctlgwec/image/upload/v1699058334/e67ysrwtn0ch0fglbmlf.webp', 'FuelCell Walker Elite'),
	(10, '2023-11-04 00:39:45.437907', b'1', 21, '2023-11-04 00:39:48.078290', 'A signature shoe is more than a name. Its design expresses the qualities that make an individual stand out from the crowd in their chosen field. That’s why the Coco CG1 is a unique blend of statement making style and high-performance. Strongly influenced by basketball silhouettes and ‘90s aesthetics, the Coco CG1 features a multi-piece upper construction, outfitted with bold color blocking. The distinctive looks are paired with the dynamic responsiveness of FuelCell cushioning and new Energy Arc technology, while a Fit Weave Lite woven upper provides a lightweight but supportive lockdown fit.', 'https://res.cloudinary.com/dxctlgwec/image/upload/v1699058385/eeech1f9g2ew4go7t590.webp', 'Coco CG1'),
	(8, '2023-11-04 11:09:06.711121', b'1', 22, '2023-11-04 11:09:11.221807', 'The Iconic Shoe that Brought our Sidestripe to Life: This is the Old Skool\n\nThe Old Skool was our first footwear design to showcase the famous Vans Sidestripe—although back then, it was just a random doodle drawn by founder Paul Van Doren. Since its debut in 1977, this low-top silhouette has established itself as an icon in the skate, music, and fashion scenes. From 90s street skaters and punks to current hip hop and fashion legends, the Old Skool has consistently been the go-to shoe for creatives who do things their own way.', 'https://res.cloudinary.com/dxctlgwec/image/upload/v1699096147/ohmtrlbsooxlo1gkkzx8.webp', 'Old Skool Primary Check Shoe (2147)'),
	(8, '2023-11-04 11:13:48.282438', b'1', 23, '2023-11-04 11:13:50.957710', 'The Slip-On that’s been Setting Trends Since 1979\n\nThe Classic Slip-On, with its “No Laces, No Problems” approach, was first introduced to the world in 1979. Since then, it’s become a pop culture icon, known for its ability to dress up or down, its reliable comfort, and the flexibility to adapt to everyone’s style. Featuring a checkerboard print punctuated by subtle pops of flowers, the Classic Slip-On Floral Check is a timeless silhouette that’s right for any occasion.', 'https://res.cloudinary.com/dxctlgwec/image/upload/v1699096428/hdy8yremyzgbtrviuq3y.webp', 'Classic Slip-On Floral Check Shoe (67)'),
	(8, '2023-11-04 11:17:34.760379', b'1', 24, '2023-11-04 11:17:39.258214', 'Rowan Zorilla’s loose, free-flowing style and uncanny ability to adapt to just about any spot has contributed to reshaping the way future generations think about skateboarding. With that in mind, Vans worked with Rowan to create the Rowan 2, an evolution of his first signature skate shoe with upgrades to both style and function to help Rowan continue pushing progression. The Rowan 2 takes design cues from vintage court shoes and is built with ImpactWaffle technology—a combination of Vans’ dual-density impact cushioning and SickStick rubber, providing exceptional impact protection without sacrificing boardfeel.', 'https://res.cloudinary.com/dxctlgwec/image/upload/v1699096655/glvj1mhm9sppqedefamj.webp', 'Rowan 2 Shoe'),
	(1, '2023-11-04 11:17:35.773227', b'1', 25, '2023-11-04 11:17:39.843849', 'A Standout “Flying V” Logo Brands this Comfy 80s-Inspired Shoe\n\nThe Lowland ComfyCush is an archival 80s Vans silhouette with a slim profile and a ComfyCush outsole for modernized comfort. Originally designed for tennis in the early 80s when Vans was experimenting with athletic-focused footwear, this low-top style maintains a familiar look while adding the excitement of our heritage “Flying V” Vans logo.', 'https://res.cloudinary.com/dxctlgwec/image/upload/v1699096656/rrozbhvz6n4aoarxvc0u.webp', 'Lowland ComfyCush Shoe (22)'),
	(2, '2023-11-04 11:20:02.848353', b'1', 26, '2023-11-04 11:20:05.939022', 'The Legendary High-Top that’s been Changing the Game Since 1978\n\nThe Sk8-Hi was a game changer as the first high-top skate shoe to break onto the scene. With a padded collar for ankle support and reinforced toe caps, it remains a style like no other. The Sk8-Hi was our second model to showcase the Vans Sidestripe, and its bold design has remained iconic ever since. With a print featuring a motley crew of surfing skeletons and sunglass-wearing crabs, this Sk8-Hi keeps the good times rolling.', 'https://res.cloudinary.com/dxctlgwec/image/upload/v1699096803/aceet378lrvfsi5gjlt3.webp', 'Sk8-Hi Shoe (1127)'),
	(8, '2023-11-04 11:21:29.743609', b'1', 27, '2023-11-04 11:21:34.966527', 'You are Made For The Elements. These are your Vans.\n\nTechnically advanced and purpose-built on the back of decades of snowboard boot development, the UltraRange EXO Hi GORE-TEX MTE-3 is built to get you where you’ve never been. Constructed with Vans’ most technically advanced all-weather technology—including GORE-TEX breathable waterproofing to keep you dry, a heat retaining 3M Thinsulate insulation package to keep you warm, and an MTE-3 outsole with the All-Trac rubber compound to keep you on your feet—this adventure-based and activity-inspired boot is all-terrain ready and offers maximum protection from the elements. ', 'https://res.cloudinary.com/dxctlgwec/image/upload/v1699096890/yf7qxslr2ek0hkbkgt7r.webp', 'UltraRange EXO Hi Gore-Tex MTE-3 (76)'),
	(1, '2023-11-04 11:24:56.195906', b'1', 28, '2023-11-04 11:24:59.444542', 'The FastRoid transforms the RUN PUMA DNA into a high fashion scope. We\'ve taken our premier running tech and recontextualised the performance aspects through a maximalist, overly technical lens with exaggerated volumes ofour NITROFOAM™ Elite that\'s presented in a wave and a highly engineered ULTRAWEAVE upper reinforced with PWRTAPE.', 'https://res.cloudinary.com/dxctlgwec/image/upload/v1699097096/vyvrncb1hyc9w06tqgex.webp', 'FastRoid Running Shoes'),
	(8, '2023-11-04 11:27:19.350347', b'1', 29, '2023-11-04 11:27:21.663128', 'LaMelo Ball’s third signature shoe MB.03 takes a trip to the never before seen alternative universe that is the Melo world. Highlighted by slime inspired rubber wrap-ups and an engineered knit upper with scratch cutouts, the MB.03 is truly Not From Here. The slime sole and space-age PUMA Hoops tech, including NITROFOAM™, make tournament ready look interplanetary.', 'https://res.cloudinary.com/dxctlgwec/image/upload/v1699097239/guok8xcwvrmnkahcmxzi.webp', 'PUMA x LAMELO BALL MB.03 LaFrancé Men\'s Basketball Shoes'),
	(2, '2023-11-04 11:28:54.269055', b'1', 30, '2023-11-04 11:28:56.846910', 'Hit the bike, locked in and ready to dominate your workout with the PWRSPIN indoor cycling shoes. They contain a lightweight upper with our performance ULTRAWEAVE fabric, which will help your feet breathe. Then, the DISC closure and PWRPLATE carbon fibre plate with a delta closure will ensure your feet are secure for a hard training session.', 'https://res.cloudinary.com/dxctlgwec/image/upload/v1699097334/tgpkvirrm6awuynue081.webp', 'PWRSPIN Indoor Cycling Shoes NEW'),
	(7, '2023-11-04 11:30:13.686625', b'1', 31, '2023-11-04 11:30:17.289816', 'This special edition ULTRA PRO is inspired by Christian Pulisic\'s playing style and packed with PUMA technologies. Lighter means quicker, and the ULTRAWEAVE uppers make every move count. They\'re reinforced with a thin layer of GripControl Pro skin for decisive control, while the TPU SPEEDPLATE outsole enhances traction and propulsion.', 'https://res.cloudinary.com/dxctlgwec/image/upload/v1699097414/e6jtl3bznw3wypnyck69.avif', 'PUMA x CHRISTIAN PULISIC ULTRA PRO FG/AG Men\'s Soccer Cleats'),
	(3, '2023-11-04 11:31:38.399864', b'1', 32, '2023-11-04 11:31:42.274445', 'The Scuderia Ferrari version of the RS-X brings a splash of motorsport DNA to the PUMA sneaker that stands out for its bulky silhouette and moulded sockliner. The result: A combination of contemporary style and speed, packaged within the insignia of Scuderia Ferrari.', 'https://res.cloudinary.com/dxctlgwec/image/upload/v1699097498/ydmlk7ungc7mr4b4btx3.avif', 'Scuderia Ferrari RS-X Sneakers'),
	(10, '2023-11-04 11:32:59.737286', b'1', 33, '2023-11-04 11:33:03.663138', 'A style that never fades, a sneaker that does. From the RS-X family comes Faded, boasting a two-tone colorway that stays true to its namesake.', 'https://res.cloudinary.com/dxctlgwec/image/upload/v1699097580/kgzj8eyqivx0xdl6axj1.avif', 'RS-X Faded Daytona Sneakers'),
	(7, '2023-11-05 16:11:58.106409', b'1', 34, '2023-11-05 16:12:03.675095', 'Whether you\'re hitting the trails for training or just to enjoy the scenery, you can keep your feet cool, comfortable and cushioned with the New Balance Fresh Foam X More Trail v3. This trail running shoe includes a synthetic/mesh upper for breathability, and a two-part Fresh Foam X midsole for exceptional comfort. Also featuring Toe Protect technology and our highest all-terrain stack height, these shoes help keep your feet protected from debris, no matter where you roam.', 'https://res.cloudinary.com/dxctlgwec/image/upload/v1699200719/r1tdtyskqxhs70qairlq.avif', 'Fresh Foam X More Trail v3'),
	(1, '2023-11-05 16:13:16.875626', b'1', 35, '2023-11-05 16:13:22.353218', 'SUPERIOR ENERGY. ELEGANT ON THE FEET.\nExperience exceptional power with the new Ultraboost Light shoe, our lightest version of the Ultraboost yet. The magic lies in the Light BOOST midsole, the new generation of adidas BOOST cushioning. This shoe\'s unique molecular design achieves the lightest BOOST foam ever. With hundreds of BOOST beads bursting with energy and the ultimate in smoothness and comfort, your feet will truly experience it all.', 'https://res.cloudinary.com/dxctlgwec/image/upload/v1699200797/qdjf0wz6yylqiwqasofs.avif', 'ULTRABOOST LIGHT'),
	(2, '2023-11-05 16:19:01.133161', b'1', 36, '2023-11-05 16:19:08.021743', 'SHOES FOR HIIT AND FLEXIBLE WORKOUTS, USING RECYCLED MATERIALS.\nEasily conquer HIIT class with a pair of reliable shoes. These adidas trainers support flexible movement. The technical knit upper has strategically placed support areas. Lightstrike cushioning is ultra-light and springy, and the asymmetrical Torsion System helps you maintain stability during quick turns and omnidirectional moves.', 'https://res.cloudinary.com/dxctlgwec/image/upload/v1699201141/zga7ddhgsr40zdlfkf5h.avif', 'TRAINER RAPIADMOVE ADV'),
	(3, '2023-11-05 16:20:09.041007', b'1', 37, '2023-11-05 16:20:16.764800', 'TRAE YOUNG BASKETBALL TRAINER SHOES FOR SMOOTH GRIP.\nTrae Young has his own playing style. His adidas signature basketball shoes feature a low-cut design and a Bounce midsole that flexes with your every move. The classic 3 Stripes now take on a rough serrated design, running from the toe of the shoe to the midfoot. Rubber outsole with grip areas on both sides provide traction as you change direction or accelerate toward the basket', 'https://res.cloudinary.com/dxctlgwec/image/upload/v1699201209/gxlkgaqvmyrdinocdhdh.avif', 'TRAE UNLIMITED'),
	(1, '2023-11-05 16:22:20.509043', b'1', 38, '2023-11-05 16:22:26.275817', 'BOOST SHOES ARE READY TO GO WITH YOU, USING RECYCLED MATERIALS.\nBringing versatility, comfort and style to every adventure. These adidas shoes turn the most advanced sneaker technology into a breeze. Breathable construction keeps your feet cool, and responsive BOOST cushioning for all-day comfort. Whether moving across town or flying long distances, these breathable and super grippy shoes are always ready to accompany you.\n\nMade from a range of recycled materials, the shoe upper contains a minimum of 50% recycled content. This product represents one of our many solutions towards ending plastic waste.', 'https://res.cloudinary.com/dxctlgwec/image/upload/v1699201341/hfmybcszkyqhosxwcz9j.avif', 'ADIDAS X_PLRBOOST'),
	(4, '2023-11-05 16:23:38.832873', b'1', 39, '2023-11-05 16:23:44.197095', 'A versatile, performance-driven shoe with responsive cushioning and a supportive outsole to keep up with your active lifestyle.', 'https://res.cloudinary.com/dxctlgwec/image/upload/v1699201419/ffh3tzlo0nty2bvu8dnd.avif', 'COURTJAM CONTROL M'),
	(10, '2023-11-06 05:54:35.270185', b'1', 40, '2023-11-06 05:54:39.844904', 'A Y2K STYLE INSPIRED SHOES WITH A STANDOUT CONTRAST OUTSOLE\nThis shoe is inspired by a combination of Y2K skateboarding style and Reebok DNA, with bold color choices and a striking contrasting solid rubber sole. Everything on these shoes is subtly "exaggerated", from the wider designed upper to the thicker and larger shoe laces. The label on the tongue is designed in the form of a special small pocket.', 'https://res.cloudinary.com/dxctlgwec/image/upload/v1699250075/d7r3tcvbzsgzudr93lzz.webp', 'UNISEX REEBOK CLUB C BULC'),
	(1, '2023-11-06 05:55:43.222880', b'1', 41, '2023-11-06 05:55:45.489806', 'LAVANTE TRAIL 2 MEN\'S RUNNING SHOES\nLIGHTWEIGHT AND DURABLE MEN\'S RUNNING SHOES FOR THE TRAIL\nWhen the parks are crowded and the gym is packed, strap on these men\'s Reebok trail running shoes and hit the trails. FuelFoam cushioning absorbs impact with every step, providing a sturdy, yet comfortable feeling like walking on clouds. The hidden laces make the shoes more beautiful. The lugged outsole keeps your steps safe on rocky or muddy terrain.', 'https://res.cloudinary.com/dxctlgwec/image/upload/v1699250143/qlugvcoor4zvtyrpxowc.webp', 'LAVANTE TRAIL 2'),
	(3, '2023-11-06 05:56:59.052401', b'1', 42, '2023-11-06 05:57:02.042910', 'INSPIRED BY PREMIUM BASKETBALL SHOES, REFRESHED WITH A DESIGN THAT BRINGS THE TIMELESS HERITAGE OF THE REEBOK BRAND.​\nAll you need for jumps and encounters in intense gameplay. Everything in this match is in your sight and under your control. Enjoy all the Basketball details of this mid-top Reebok shoe. The leather upper is flexible and soft. Add a little suede texture. With an embroidered Vector logo on the side. The rubber sole is abrasion-resistant and has good grip, helping you move easily. Your job is to throw the ball from the middle of the field. Score. Then there was applause.​', 'https://res.cloudinary.com/dxctlgwec/image/upload/v1699250219/hpr3d5kplvtjpjg5lzb6.webp', 'UNISEX REEBOK RESONATOR MID'),
	(8, '2023-11-06 05:59:16.487386', b'1', 43, '2023-11-06 05:59:20.764061', 'CLASSIC-INSPIRED SHOES FROM REEBOK\'S [REE] CYCLED COLLECTION\nThrowback to the 70s, retro yet modern, that\'s what you get when you wear these Reebok Classic Leather Legacy AZ Shoes. The combination of suede and mesh on the upper adds depth, making it comfortable to wear all day long. Bright colors and sharp lines help you stand out from the crowd.', 'https://res.cloudinary.com/dxctlgwec/image/upload/v1699250356/if41klqwcjpwc6amnfat.webp', 'CL Legacy AZ'),
	(2, '2023-11-06 06:00:45.095446', b'1', 44, '2023-11-06 06:00:48.302529', 'COMFORTABLE SLIPPERS FOR CASUAL OUTFITS\nThese men\'s sandals provide a comfortable look at the beach or swimming in the lake. The upper is molded with soft EVA for support and comfort. Made of water-friendly materials.', 'https://res.cloudinary.com/dxctlgwec/image/upload/v1699250445/hcuhfyhbcwuyehscaja3.webp', 'REEBOK FULGERE SLIDE'),
	(2, '2023-11-06 06:02:06.152256', b'1', 45, '2023-11-06 06:02:10.572897', 'REEBOK NANO X2 MEN\'S TRAINING SHOES\nFLEXIBLE TRAINING SPORTS SHOES\nNano X2 is designed to be your companion from squats to crunches to high-intensity exercises. Get these Reebok Nano X2 men\'s workout shoes to stay confident in or out of the gym. The shoe upper uses No. 8 Flexweave (TM) stitchless weaving technology to support breathability and increase durability, unleashing strength and creative comfort. The high-grip sole provides a secure feel for a wide range of movements.', 'https://res.cloudinary.com/dxctlgwec/image/upload/v1699250526/etlr1fx4z79gkmfwycwi.webp', 'NANO X2');

-- Dumping structure for table twinkle.product_images
CREATE TABLE IF NOT EXISTS `product_images` (
  `id` bigint(20) NOT NULL AUTO_INCREMENT,
  `product_id` bigint(20) DEFAULT NULL,
  `image_url` varchar(300) DEFAULT NULL,
  PRIMARY KEY (`id`),
  KEY `FKqnq71xsohugpqwf3c9gxmsuy` (`product_id`),
  CONSTRAINT `FKqnq71xsohugpqwf3c9gxmsuy` FOREIGN KEY (`product_id`) REFERENCES `products` (`id`)
) ENGINE=InnoDB AUTO_INCREMENT=340 DEFAULT CHARSET=utf8mb4 COLLATE=utf8mb4_general_ci;

-- Dumping data for table twinkle.product_images: ~320 rows (approximately)
DELETE FROM `product_images`;
INSERT INTO `product_images` (`id`, `product_id`, `image_url`) VALUES
	(6, 3, 'https://res.cloudinary.com/dxctlgwec/image/upload/v1699030882/ndgolbvlaz4wmcxk9yln.webp'),
	(7, 3, 'https://res.cloudinary.com/dxctlgwec/image/upload/v1699030883/aqzuzcajanysxj44d5cf.webp'),
	(8, 3, 'https://res.cloudinary.com/dxctlgwec/image/upload/v1699030883/apayaswoge86fho7ex6s.webp'),
	(9, 3, 'https://res.cloudinary.com/dxctlgwec/image/upload/v1699030884/ltfbrdijra4jlu1g76tc.webp'),
	(10, 3, 'https://res.cloudinary.com/dxctlgwec/image/upload/v1699030884/wuqfadrn2krpm0rt46yx.webp'),
	(11, 3, 'https://res.cloudinary.com/dxctlgwec/image/upload/v1699030885/ll2mfsytycsydrec8atz.jpg'),
	(12, 3, 'https://res.cloudinary.com/dxctlgwec/image/upload/v1699030885/ninjmea077sdtiellfzv.webp'),
	(13, 3, 'https://res.cloudinary.com/dxctlgwec/image/upload/v1699030886/trlqkbpcgub1ptyzjowg.webp'),
	(22, 4, 'https://res.cloudinary.com/dxctlgwec/image/upload/v1699031573/z7spsebiasin8msmebw0.webp'),
	(23, 4, 'https://res.cloudinary.com/dxctlgwec/image/upload/v1699031578/zjaouefarzzoq7dgpenv.webp'),
	(24, 4, 'https://res.cloudinary.com/dxctlgwec/image/upload/v1699031582/xwjwbdp5i1l0nwcv19gs.webp'),
	(25, 4, 'https://res.cloudinary.com/dxctlgwec/image/upload/v1699031586/vf1nohnis4bqyzgladau.webp'),
	(26, 4, 'https://res.cloudinary.com/dxctlgwec/image/upload/v1699031589/jy10a8hasewssotv3bwg.webp'),
	(27, 4, 'https://res.cloudinary.com/dxctlgwec/image/upload/v1699031593/wf4mzz2jkdjrecceo7fv.webp'),
	(28, 4, 'https://res.cloudinary.com/dxctlgwec/image/upload/v1699031597/ftgrl8eeugwiydpsjwqi.webp'),
	(29, 4, 'https://res.cloudinary.com/dxctlgwec/image/upload/v1699031601/wis0gmptyzs7eiiysmel.webp'),
	(30, 5, 'https://res.cloudinary.com/dxctlgwec/image/upload/v1699031773/jha96yxcwnmedwl7oplt.webp'),
	(31, 5, 'https://res.cloudinary.com/dxctlgwec/image/upload/v1699031778/edm8ogmyzon1qowtkkq5.webp'),
	(32, 5, 'https://res.cloudinary.com/dxctlgwec/image/upload/v1699031781/fvfxgtxe3iejxpizg9bi.webp'),
	(33, 5, 'https://res.cloudinary.com/dxctlgwec/image/upload/v1699031783/ncdkihyj3krwltcic6vf.webp'),
	(34, 5, 'https://res.cloudinary.com/dxctlgwec/image/upload/v1699031786/mxddnrz8ea6zwqizt1w7.webp'),
	(35, 5, 'https://res.cloudinary.com/dxctlgwec/image/upload/v1699031789/hfhgu4xuif4dtweuo2bq.jpg'),
	(36, 5, 'https://res.cloudinary.com/dxctlgwec/image/upload/v1699031791/onzh7uihw9b9xesr6m0f.webp'),
	(37, 5, 'https://res.cloudinary.com/dxctlgwec/image/upload/v1699031795/caioqk7ukxxj1hzhrsqn.webp'),
	(38, 6, 'https://res.cloudinary.com/dxctlgwec/image/upload/v1699031923/jmwv3u76xqpybxkqyauh.webp'),
	(39, 6, 'https://res.cloudinary.com/dxctlgwec/image/upload/v1699031929/p1uuq2uf3owfshurkjle.webp'),
	(40, 6, 'https://res.cloudinary.com/dxctlgwec/image/upload/v1699031931/aoesjxfy0drhq0mdaaf7.webp'),
	(41, 6, 'https://res.cloudinary.com/dxctlgwec/image/upload/v1699031934/zxfwpz5umoxsybgtxt8p.webp'),
	(42, 6, 'https://res.cloudinary.com/dxctlgwec/image/upload/v1699031937/tm8ydtjwzaajndkdii4b.webp'),
	(43, 6, 'https://res.cloudinary.com/dxctlgwec/image/upload/v1699031941/ije1sqgjk20gq4ovouoy.webp'),
	(44, 6, 'https://res.cloudinary.com/dxctlgwec/image/upload/v1699031944/maqihdl4z8svlaxzposq.webp'),
	(45, 6, 'https://res.cloudinary.com/dxctlgwec/image/upload/v1699031947/txfeouzouyrhhvtlfkaj.webp'),
	(46, 6, 'https://res.cloudinary.com/dxctlgwec/image/upload/v1699031950/j6urdrciomhssi1bdwv6.webp'),
	(47, 7, 'https://res.cloudinary.com/dxctlgwec/image/upload/v1699032002/da6xdhbnhvsxor9u5di6.webp'),
	(48, 7, 'https://res.cloudinary.com/dxctlgwec/image/upload/v1699032010/bp0c0gqiqjkevkcfzpon.webp'),
	(49, 7, 'https://res.cloudinary.com/dxctlgwec/image/upload/v1699032013/fteouawxowzf7cbdq4vz.webp'),
	(50, 7, 'https://res.cloudinary.com/dxctlgwec/image/upload/v1699032016/udbhsoedhhelwwwv3dfq.webp'),
	(51, 7, 'https://res.cloudinary.com/dxctlgwec/image/upload/v1699032019/dzau4gzq2xzpbbwg3cqe.webp'),
	(52, 7, 'https://res.cloudinary.com/dxctlgwec/image/upload/v1699032022/weym7b5jzsar6yzxanj1.webp'),
	(53, 7, 'https://res.cloudinary.com/dxctlgwec/image/upload/v1699032025/kluhgi7doicp7hue8tvr.jpg'),
	(54, 7, 'https://res.cloudinary.com/dxctlgwec/image/upload/v1699032028/jb3u5dcu7ia9sjhydd9t.jpg'),
	(55, 8, 'https://res.cloudinary.com/dxctlgwec/image/upload/v1699032126/h6pav98a4yuygnxfk5ch.webp'),
	(56, 8, 'https://res.cloudinary.com/dxctlgwec/image/upload/v1699032133/nf3z90uodhvddsmppkzu.webp'),
	(57, 8, 'https://res.cloudinary.com/dxctlgwec/image/upload/v1699032136/qzdystz94yn8ok3xxxpf.webp'),
	(58, 8, 'https://res.cloudinary.com/dxctlgwec/image/upload/v1699032139/bkpbbihaahxbgg0ea9wh.webp'),
	(59, 8, 'https://res.cloudinary.com/dxctlgwec/image/upload/v1699032142/hnyn2b5qsmzlqorwbsra.webp'),
	(60, 8, 'https://res.cloudinary.com/dxctlgwec/image/upload/v1699032144/ytvepikpezfogez1psrl.webp'),
	(61, 8, 'https://res.cloudinary.com/dxctlgwec/image/upload/v1699032148/ezsr4eot8c4znaco5kzm.webp'),
	(68, 10, 'https://res.cloudinary.com/dxctlgwec/image/upload/v1699032369/ddd53vom3wo7svrrxeyn.jpg'),
	(69, 10, 'https://res.cloudinary.com/dxctlgwec/image/upload/v1699032374/yutlnjf214e3lhvegcxe.jpg'),
	(70, 10, 'https://res.cloudinary.com/dxctlgwec/image/upload/v1699032375/mloj4apgkzumdfjebxk8.jpg'),
	(71, 10, 'https://res.cloudinary.com/dxctlgwec/image/upload/v1699032377/jqdmg0fg2bjvlz7fublq.jpg'),
	(72, 10, 'https://res.cloudinary.com/dxctlgwec/image/upload/v1699032379/f7vhx9gurttfwafxx2a7.jpg'),
	(73, 10, 'https://res.cloudinary.com/dxctlgwec/image/upload/v1699032381/wrdkl0cy0sclm00mlseg.jpg'),
	(74, 10, 'https://res.cloudinary.com/dxctlgwec/image/upload/v1699032383/stn0zotvktgfafpbeodi.jpg'),
	(75, 10, 'https://res.cloudinary.com/dxctlgwec/image/upload/v1699032385/rhmcpzkkeggcpg7tokcx.jpg'),
	(76, 11, 'https://res.cloudinary.com/dxctlgwec/image/upload/v1699032451/cwtf7yog31ec3ckyqaoq.jpg'),
	(77, 11, 'https://res.cloudinary.com/dxctlgwec/image/upload/v1699032455/x5kvpuptshyfiipaucae.jpg'),
	(78, 11, 'https://res.cloudinary.com/dxctlgwec/image/upload/v1699032457/cpi2imwmrvckitgeiytf.jpg'),
	(79, 11, 'https://res.cloudinary.com/dxctlgwec/image/upload/v1699032459/yhr30ncrcrln6o7glgcs.jpg'),
	(80, 11, 'https://res.cloudinary.com/dxctlgwec/image/upload/v1699032461/uukfbshr0d9pahgwnqxs.jpg'),
	(81, 11, 'https://res.cloudinary.com/dxctlgwec/image/upload/v1699032463/dh0eviwcikua92nszlfi.jpg'),
	(82, 11, 'https://res.cloudinary.com/dxctlgwec/image/upload/v1699032465/tegbx7qhxrmftdwk0sfz.jpg'),
	(83, 11, 'https://res.cloudinary.com/dxctlgwec/image/upload/v1699032467/qefeiu6hqskzjibqkcaf.jpg'),
	(84, 12, 'https://res.cloudinary.com/dxctlgwec/image/upload/v1699032808/j4epime7zyyidycvidqh.jpg'),
	(85, 12, 'https://res.cloudinary.com/dxctlgwec/image/upload/v1699032809/uhghatrixzwinosvelpo.jpg'),
	(86, 12, 'https://res.cloudinary.com/dxctlgwec/image/upload/v1699032809/jlw26f2xatzyatrh7niw.jpg'),
	(87, 12, 'https://res.cloudinary.com/dxctlgwec/image/upload/v1699032810/op5yq5yzpj0n3ji6q7e8.jpg'),
	(88, 12, 'https://res.cloudinary.com/dxctlgwec/image/upload/v1699032810/m6jkqenmcudkxtk9cca8.jpg'),
	(89, 12, 'https://res.cloudinary.com/dxctlgwec/image/upload/v1699032810/cvkqlx2eqkvzxuob3i3f.jpg'),
	(90, 12, 'https://res.cloudinary.com/dxctlgwec/image/upload/v1699032811/p7lxt8wvccuza7rnspll.jpg'),
	(91, 12, 'https://res.cloudinary.com/dxctlgwec/image/upload/v1699032811/al6iot3rh4ddp3qdellq.jpg'),
	(92, 12, 'https://res.cloudinary.com/dxctlgwec/image/upload/v1699032812/oawpjbm4cy2oebhc4dag.jpg'),
	(93, 13, 'https://res.cloudinary.com/dxctlgwec/image/upload/v1699032883/joeoipvaf9azj1hxyojo.jpg'),
	(94, 13, 'https://res.cloudinary.com/dxctlgwec/image/upload/v1699032884/yd0el0zr0jeipvtnhbom.jpg'),
	(95, 13, 'https://res.cloudinary.com/dxctlgwec/image/upload/v1699032885/vdx8t3lgsrypt4snaden.jpg'),
	(96, 13, 'https://res.cloudinary.com/dxctlgwec/image/upload/v1699032885/dhmwyd3zn9lfbo9r8us9.jpg'),
	(97, 13, 'https://res.cloudinary.com/dxctlgwec/image/upload/v1699032885/gqrueknighsqtb2lluek.jpg'),
	(98, 13, 'https://res.cloudinary.com/dxctlgwec/image/upload/v1699032886/xknkgoelyw8fhv5qspvo.jpg'),
	(99, 13, 'https://res.cloudinary.com/dxctlgwec/image/upload/v1699032886/ybebcbuckbwpwffpwra3.jpg'),
	(100, 13, 'https://res.cloudinary.com/dxctlgwec/image/upload/v1699032887/v0vw6iqdvqqhs1psnm7b.jpg'),
	(101, 13, 'https://res.cloudinary.com/dxctlgwec/image/upload/v1699032887/miczqjtqtrnnd6zw1ewr.jpg'),
	(102, 14, 'https://res.cloudinary.com/dxctlgwec/image/upload/v1699032934/vabqblef9unyttvytsti.jpg'),
	(103, 14, 'https://res.cloudinary.com/dxctlgwec/image/upload/v1699032934/mhemr17wgdrwfvrmhe7w.jpg'),
	(104, 14, 'https://res.cloudinary.com/dxctlgwec/image/upload/v1699032935/kie9ehndlzjjwduaeto6.jpg'),
	(105, 14, 'https://res.cloudinary.com/dxctlgwec/image/upload/v1699032935/z1phw8p8wpycpwiwoszg.jpg'),
	(106, 14, 'https://res.cloudinary.com/dxctlgwec/image/upload/v1699032936/zwyto6wu7l6zqetx2ztj.jpg'),
	(107, 14, 'https://res.cloudinary.com/dxctlgwec/image/upload/v1699032936/hh5idbglvn3ero9fj7fw.jpg'),
	(108, 14, 'https://res.cloudinary.com/dxctlgwec/image/upload/v1699032937/nam9m5qcymqmk5egvl1h.jpg'),
	(109, 14, 'https://res.cloudinary.com/dxctlgwec/image/upload/v1699032937/eykpol9qikcxcpavwpt2.jpg'),
	(110, 15, 'https://res.cloudinary.com/dxctlgwec/image/upload/v1699032993/jhiec8asofgih1k52smc.jpg'),
	(111, 15, 'https://res.cloudinary.com/dxctlgwec/image/upload/v1699032994/flaeo1etagklcztizpci.jpg'),
	(112, 15, 'https://res.cloudinary.com/dxctlgwec/image/upload/v1699032994/womlhlf5s3ko6t7wimi6.jpg'),
	(113, 15, 'https://res.cloudinary.com/dxctlgwec/image/upload/v1699032995/ecuhr8xo3eaklqmo3ad3.jpg'),
	(114, 15, 'https://res.cloudinary.com/dxctlgwec/image/upload/v1699032996/visax54zgpoqflpoiavl.jpg'),
	(115, 15, 'https://res.cloudinary.com/dxctlgwec/image/upload/v1699032997/bq9u20ijh702zqetx7k9.jpg'),
	(116, 15, 'https://res.cloudinary.com/dxctlgwec/image/upload/v1699032997/bjvjrxrxueegsoqce6t9.jpg'),
	(117, 16, 'https://res.cloudinary.com/dxctlgwec/image/upload/v1699058092/a2skd6ikdqvojqcv7w2z.webp'),
	(118, 16, 'https://res.cloudinary.com/dxctlgwec/image/upload/v1699058093/voucmnyyfe8owohh3csw.webp'),
	(119, 16, 'https://res.cloudinary.com/dxctlgwec/image/upload/v1699058093/cignyggg84auaometvhz.webp'),
	(120, 16, 'https://res.cloudinary.com/dxctlgwec/image/upload/v1699058093/vbhkgxemn1qr5mochd16.webp'),
	(121, 16, 'https://res.cloudinary.com/dxctlgwec/image/upload/v1699058094/nguqlhi8xv6aqb0byayw.webp'),
	(122, 16, 'https://res.cloudinary.com/dxctlgwec/image/upload/v1699058094/zqgnhkndo3ywezviov6r.webp'),
	(123, 17, 'https://res.cloudinary.com/dxctlgwec/image/upload/v1699058153/zc077brrr68pr3ffz34b.webp'),
	(124, 17, 'https://res.cloudinary.com/dxctlgwec/image/upload/v1699058153/q8fsrshlzselpnvireg0.webp'),
	(125, 17, 'https://res.cloudinary.com/dxctlgwec/image/upload/v1699058154/a1wajjjci7xs2xrrdeke.webp'),
	(126, 17, 'https://res.cloudinary.com/dxctlgwec/image/upload/v1699058154/enopeu1vffydtmaqzugw.webp'),
	(127, 17, 'https://res.cloudinary.com/dxctlgwec/image/upload/v1699058154/w3nvobyav7a7p4jv4pt0.webp'),
	(128, 18, 'https://res.cloudinary.com/dxctlgwec/image/upload/v1699058221/wngd1r1mcrcg1j2vwn6o.webp'),
	(129, 18, 'https://res.cloudinary.com/dxctlgwec/image/upload/v1699058222/fveulmkuiayhg6jnn1ot.webp'),
	(130, 18, 'https://res.cloudinary.com/dxctlgwec/image/upload/v1699058222/seyhupz16q4dwfi9lo79.webp'),
	(131, 18, 'https://res.cloudinary.com/dxctlgwec/image/upload/v1699058223/frumuym4uopswg0hqqf5.webp'),
	(132, 18, 'https://res.cloudinary.com/dxctlgwec/image/upload/v1699058223/cckoyop6nip0ovbr4viq.webp'),
	(133, 19, 'https://res.cloudinary.com/dxctlgwec/image/upload/v1699058278/zjhuefavmrdnbzimv2lq.webp'),
	(134, 19, 'https://res.cloudinary.com/dxctlgwec/image/upload/v1699058278/v8iupycvdwo4epotvwdy.webp'),
	(135, 19, 'https://res.cloudinary.com/dxctlgwec/image/upload/v1699058279/iyz2afl24nbtretuyjxw.webp'),
	(136, 19, 'https://res.cloudinary.com/dxctlgwec/image/upload/v1699058279/z013gu9sfz8lpkmgivg5.webp'),
	(137, 19, 'https://res.cloudinary.com/dxctlgwec/image/upload/v1699058280/h8e2y04hhhga7wkigz4q.webp'),
	(138, 19, 'https://res.cloudinary.com/dxctlgwec/image/upload/v1699058280/naemzq2fqyi4ejyngojo.webp'),
	(139, 20, 'https://res.cloudinary.com/dxctlgwec/image/upload/v1699058333/z143ez7waigdugpl3u0y.webp'),
	(140, 20, 'https://res.cloudinary.com/dxctlgwec/image/upload/v1699058334/keqigpehknpboxibxfwe.webp'),
	(141, 20, 'https://res.cloudinary.com/dxctlgwec/image/upload/v1699058334/iz5uekpydgvwxffz2dt9.webp'),
	(142, 20, 'https://res.cloudinary.com/dxctlgwec/image/upload/v1699058335/rlipbwwfrdyrvwlauezn.webp'),
	(143, 20, 'https://res.cloudinary.com/dxctlgwec/image/upload/v1699058335/j4gzhhvlrn4zbjyziusr.webp'),
	(144, 21, 'https://res.cloudinary.com/dxctlgwec/image/upload/v1699058385/cugsdrbpwqbo5kapjjgk.webp'),
	(145, 21, 'https://res.cloudinary.com/dxctlgwec/image/upload/v1699058386/jjcakryezljypxn0vwds.webp'),
	(146, 21, 'https://res.cloudinary.com/dxctlgwec/image/upload/v1699058386/hzmwaxrweoqmzrbmwibk.webp'),
	(147, 21, 'https://res.cloudinary.com/dxctlgwec/image/upload/v1699058386/cbkid3pet1cnjrkzksun.webp'),
	(148, 21, 'https://res.cloudinary.com/dxctlgwec/image/upload/v1699058387/xojm7xrbqiwolzimgvsk.webp'),
	(149, 21, 'https://res.cloudinary.com/dxctlgwec/image/upload/v1699058387/df7kmc6idwzpwigqzext.webp'),
	(150, 22, 'https://res.cloudinary.com/dxctlgwec/image/upload/v1699096146/h1fjpncuwitmeltqm7qg.webp'),
	(151, 22, 'https://res.cloudinary.com/dxctlgwec/image/upload/v1699096148/lsmdvb2jxuly9dydhher.webp'),
	(152, 22, 'https://res.cloudinary.com/dxctlgwec/image/upload/v1699096148/kt5sesp5kgawxpyh2vek.webp'),
	(153, 22, 'https://res.cloudinary.com/dxctlgwec/image/upload/v1699096149/qk9hlo9slxxt2tj0ztfe.webp'),
	(154, 22, 'https://res.cloudinary.com/dxctlgwec/image/upload/v1699096149/e5wghnkubhqknyp2ivrl.webp'),
	(155, 22, 'https://res.cloudinary.com/dxctlgwec/image/upload/v1699096150/bnlqsxhdbbwhjfmbqkld.jpg'),
	(156, 22, 'https://res.cloudinary.com/dxctlgwec/image/upload/v1699096150/uxx8eaomvhfmtmg0tqsu.webp'),
	(157, 23, 'https://res.cloudinary.com/dxctlgwec/image/upload/v1699096428/fyrqsp2w45miops7mayp.webp'),
	(158, 23, 'https://res.cloudinary.com/dxctlgwec/image/upload/v1699096429/lbyajftodc6sh6pm3pxb.webp'),
	(159, 23, 'https://res.cloudinary.com/dxctlgwec/image/upload/v1699096430/idisjadonkkcx8ldd8pf.webp'),
	(160, 23, 'https://res.cloudinary.com/dxctlgwec/image/upload/v1699096430/nste9t2a9arfxoq0i8kr.webp'),
	(161, 24, 'https://res.cloudinary.com/dxctlgwec/image/upload/v1699096654/jf8snifaramljb16pzna.webp'),
	(162, 24, 'https://res.cloudinary.com/dxctlgwec/image/upload/v1699096655/ugq4afjpbemxu8clwi90.webp'),
	(163, 24, 'https://res.cloudinary.com/dxctlgwec/image/upload/v1699096656/cgn0zxrzbjjh9ujm3med.webp'),
	(164, 25, 'https://res.cloudinary.com/dxctlgwec/image/upload/v1699096655/gzgs3dqgvsun3c8rbonx.webp'),
	(165, 24, 'https://res.cloudinary.com/dxctlgwec/image/upload/v1699096657/daikjcmmfndpjkdtsddx.webp'),
	(166, 25, 'https://res.cloudinary.com/dxctlgwec/image/upload/v1699096657/a4nepdghti5m3faxsbn4.webp'),
	(167, 24, 'https://res.cloudinary.com/dxctlgwec/image/upload/v1699096657/zbdqdrsivwgx92hlq5zz.webp'),
	(168, 25, 'https://res.cloudinary.com/dxctlgwec/image/upload/v1699096657/jatjrup8e24p5ox8e11e.webp'),
	(169, 24, 'https://res.cloudinary.com/dxctlgwec/image/upload/v1699096658/ubhtwojuv8bpvtaoj5uk.webp'),
	(170, 25, 'https://res.cloudinary.com/dxctlgwec/image/upload/v1699096658/qpmahhf33trvlkwmrdyb.webp'),
	(171, 24, 'https://res.cloudinary.com/dxctlgwec/image/upload/v1699096658/v7ebyjxbuurxxoplu06x.webp'),
	(172, 24, 'https://res.cloudinary.com/dxctlgwec/image/upload/v1699096658/h2bbhqj08meewqr3dzbv.webp'),
	(173, 25, 'https://res.cloudinary.com/dxctlgwec/image/upload/v1699096658/uh79rdzomf9f0pjgvrrl.webp'),
	(174, 25, 'https://res.cloudinary.com/dxctlgwec/image/upload/v1699096659/qisntc8e7u49cjjjuspm.webp'),
	(175, 26, 'https://res.cloudinary.com/dxctlgwec/image/upload/v1699096802/w2rph8yegkagfglpyin2.webp'),
	(176, 26, 'https://res.cloudinary.com/dxctlgwec/image/upload/v1699096804/ehsvjlr1ho5pvmbmx2yy.webp'),
	(177, 26, 'https://res.cloudinary.com/dxctlgwec/image/upload/v1699096804/hfqcxpueyuiyngexfz4x.webp'),
	(178, 26, 'https://res.cloudinary.com/dxctlgwec/image/upload/v1699096805/l2rohlxc0cyyarvk48d6.webp'),
	(179, 27, 'https://res.cloudinary.com/dxctlgwec/image/upload/v1699096889/n9kg25pnncyqdtky0xiy.webp'),
	(180, 27, 'https://res.cloudinary.com/dxctlgwec/image/upload/v1699096891/c1ixqrucmed9lt95to2o.webp'),
	(181, 27, 'https://res.cloudinary.com/dxctlgwec/image/upload/v1699096891/scwpezfpihomyqisydtx.webp'),
	(182, 27, 'https://res.cloudinary.com/dxctlgwec/image/upload/v1699096892/fwomuen6vkdungf3gjuv.webp'),
	(183, 27, 'https://res.cloudinary.com/dxctlgwec/image/upload/v1699096893/s6zmty0dcjeetveogujz.webp'),
	(184, 27, 'https://res.cloudinary.com/dxctlgwec/image/upload/v1699096893/f7guuohllyo5eyjbkv5a.webp'),
	(185, 27, 'https://res.cloudinary.com/dxctlgwec/image/upload/v1699096893/eqyxskgdpiqwi8uiomgx.webp'),
	(186, 27, 'https://res.cloudinary.com/dxctlgwec/image/upload/v1699096894/ncdiwklvrxoo5dn2mzgt.webp'),
	(187, 28, 'https://res.cloudinary.com/dxctlgwec/image/upload/v1699097096/fyda2yjknr1ahsc4ckgl.webp'),
	(188, 28, 'https://res.cloudinary.com/dxctlgwec/image/upload/v1699097096/fkwxfqzxltwnfxbgnqa9.webp'),
	(189, 28, 'https://res.cloudinary.com/dxctlgwec/image/upload/v1699097097/znlo95cbijy3i8tz2ucu.webp'),
	(190, 28, 'https://res.cloudinary.com/dxctlgwec/image/upload/v1699097097/qz07wamnzn6vgkrbioqn.webp'),
	(191, 28, 'https://res.cloudinary.com/dxctlgwec/image/upload/v1699097097/nimwjd2pir1qqrqlnfuo.webp'),
	(192, 28, 'https://res.cloudinary.com/dxctlgwec/image/upload/v1699097098/dxo8x19sl9plohrshizk.webp'),
	(193, 28, 'https://res.cloudinary.com/dxctlgwec/image/upload/v1699097098/gfjlv7xnld2terrkgnia.webp'),
	(194, 28, 'https://res.cloudinary.com/dxctlgwec/image/upload/v1699097099/gmoobmrbdohv8wwiplqm.webp'),
	(195, 29, 'https://res.cloudinary.com/dxctlgwec/image/upload/v1699097239/cr0fjdxbbih2wv2xh7gb.webp'),
	(196, 29, 'https://res.cloudinary.com/dxctlgwec/image/upload/v1699097240/m3dw3rkz1jdspgs5aane.webp'),
	(197, 29, 'https://res.cloudinary.com/dxctlgwec/image/upload/v1699097240/hmqfatg818ae9rvkmmyu.webp'),
	(198, 29, 'https://res.cloudinary.com/dxctlgwec/image/upload/v1699097240/ltedbuq53rghw6z4tkqk.webp'),
	(199, 29, 'https://res.cloudinary.com/dxctlgwec/image/upload/v1699097241/bybiloj53is0tjjs0vfm.webp'),
	(200, 30, 'https://res.cloudinary.com/dxctlgwec/image/upload/v1699097334/qyhox327kzcdyyjdtbqm.webp'),
	(201, 30, 'https://res.cloudinary.com/dxctlgwec/image/upload/v1699097335/kck9dlstk8pbdqixcd8w.webp'),
	(202, 30, 'https://res.cloudinary.com/dxctlgwec/image/upload/v1699097335/qorlav8xjjmxnizl55at.webp'),
	(203, 30, 'https://res.cloudinary.com/dxctlgwec/image/upload/v1699097335/aubfxgrkmmxiomdbzote.webp'),
	(204, 30, 'https://res.cloudinary.com/dxctlgwec/image/upload/v1699097336/k8tdr8lcy47alupj1hvi.webp'),
	(205, 30, 'https://res.cloudinary.com/dxctlgwec/image/upload/v1699097336/swegggqmyb7tzk1lasnc.webp'),
	(206, 31, 'https://res.cloudinary.com/dxctlgwec/image/upload/v1699097413/jtkjiguosd4ur1phnvyv.avif'),
	(207, 31, 'https://res.cloudinary.com/dxctlgwec/image/upload/v1699097414/fdign6m1cw6dfpsmmzlh.avif'),
	(208, 31, 'https://res.cloudinary.com/dxctlgwec/image/upload/v1699097414/jlbtmicurtgjze96ctv2.avif'),
	(209, 31, 'https://res.cloudinary.com/dxctlgwec/image/upload/v1699097415/gvj42iwkgmaxaetvhif9.avif'),
	(210, 31, 'https://res.cloudinary.com/dxctlgwec/image/upload/v1699097415/pxjleeyh6i05lcha1bdh.avif'),
	(211, 31, 'https://res.cloudinary.com/dxctlgwec/image/upload/v1699097415/zvcjgi8qmxl7kvxmksg5.avif'),
	(212, 31, 'https://res.cloudinary.com/dxctlgwec/image/upload/v1699097416/zwtcdr7lnst1vh2ljqtg.avif'),
	(213, 31, 'https://res.cloudinary.com/dxctlgwec/image/upload/v1699097416/qq359f3mh3lmi9lfi8f7.avif'),
	(214, 31, 'https://res.cloudinary.com/dxctlgwec/image/upload/v1699097416/m8gpgrumpmwuaukjxk6m.avif'),
	(215, 32, 'https://res.cloudinary.com/dxctlgwec/image/upload/v1699097498/hh7b9vihpww2xenpevux.avif'),
	(216, 32, 'https://res.cloudinary.com/dxctlgwec/image/upload/v1699097499/emdvrgg8wxwhxmmmbo72.avif'),
	(217, 32, 'https://res.cloudinary.com/dxctlgwec/image/upload/v1699097499/d6mzrwcyjqstwvi78jxe.avif'),
	(218, 32, 'https://res.cloudinary.com/dxctlgwec/image/upload/v1699097499/upxpnrpbxs7k5pxea63k.avif'),
	(219, 32, 'https://res.cloudinary.com/dxctlgwec/image/upload/v1699097500/kd0ev96oaqxjubqhabmw.avif'),
	(220, 32, 'https://res.cloudinary.com/dxctlgwec/image/upload/v1699097500/wey2p328xfmibqjlvst6.avif'),
	(221, 32, 'https://res.cloudinary.com/dxctlgwec/image/upload/v1699097501/wi4rglettah2g4baqvbz.avif'),
	(222, 32, 'https://res.cloudinary.com/dxctlgwec/image/upload/v1699097501/a73qmsh129xctqy7uapg.avif'),
	(223, 33, 'https://res.cloudinary.com/dxctlgwec/image/upload/v1699097579/gnrp8t4pkjuntvh2yltv.avif'),
	(224, 33, 'https://res.cloudinary.com/dxctlgwec/image/upload/v1699097580/t5cpygt8jw4dkiqiv6sh.avif'),
	(225, 33, 'https://res.cloudinary.com/dxctlgwec/image/upload/v1699097581/nmjvswakjqyoxcrmkihg.avif'),
	(226, 33, 'https://res.cloudinary.com/dxctlgwec/image/upload/v1699097581/kb3uwafzlca430clonk8.avif'),
	(227, 33, 'https://res.cloudinary.com/dxctlgwec/image/upload/v1699097581/rql5ooumrbjbpdny62oy.avif'),
	(228, 33, 'https://res.cloudinary.com/dxctlgwec/image/upload/v1699097582/nl796ygtvs1vwytsic4a.avif'),
	(229, 33, 'https://res.cloudinary.com/dxctlgwec/image/upload/v1699097582/jbljtbosrp4p4r5x7hjs.avif'),
	(230, 33, 'https://res.cloudinary.com/dxctlgwec/image/upload/v1699097582/uwuxx053tuhyxwt5tjdm.avif'),
	(231, 33, 'https://res.cloudinary.com/dxctlgwec/image/upload/v1699097583/v87aw7zcwvwnlyvfwdnb.avif'),
	(232, 34, 'https://res.cloudinary.com/dxctlgwec/image/upload/v1699200718/v8d7unwudlbsluidxj7p.avif'),
	(233, 34, 'https://res.cloudinary.com/dxctlgwec/image/upload/v1699200719/qwpfwmdlb1dwnheqoqzo.avif'),
	(234, 34, 'https://res.cloudinary.com/dxctlgwec/image/upload/v1699200720/d6ouo78931degbha2sxc.avif'),
	(235, 34, 'https://res.cloudinary.com/dxctlgwec/image/upload/v1699200720/d9vaazb3xtsbpokhmxu2.avif'),
	(236, 34, 'https://res.cloudinary.com/dxctlgwec/image/upload/v1699200721/rc2pyhtm8b5v9vg5wti0.avif'),
	(237, 34, 'https://res.cloudinary.com/dxctlgwec/image/upload/v1699200721/fewmarl3sm9rwmxkhruq.avif'),
	(238, 34, 'https://res.cloudinary.com/dxctlgwec/image/upload/v1699200722/gptzmrqd35dugh1h8rro.avif'),
	(239, 34, 'https://res.cloudinary.com/dxctlgwec/image/upload/v1699200722/lvglkdhnovovqrvqoakv.avif'),
	(240, 34, 'https://res.cloudinary.com/dxctlgwec/image/upload/v1699200723/tjxgihdl3oyybyw3stlk.avif'),
	(241, 35, 'https://res.cloudinary.com/dxctlgwec/image/upload/v1699200796/dfd3lbfqcwibbcklfzep.avif'),
	(242, 35, 'https://res.cloudinary.com/dxctlgwec/image/upload/v1699200797/famrejcpa8ax5llcb7kq.avif'),
	(243, 35, 'https://res.cloudinary.com/dxctlgwec/image/upload/v1699200798/ueewuw0k2xjyknykeips.avif'),
	(244, 35, 'https://res.cloudinary.com/dxctlgwec/image/upload/v1699200798/vhw3rnyxxzocvllatfmm.avif'),
	(245, 35, 'https://res.cloudinary.com/dxctlgwec/image/upload/v1699200799/igxgneyi2nhrheo5uybf.avif'),
	(246, 35, 'https://res.cloudinary.com/dxctlgwec/image/upload/v1699200800/ruhccblha7wdlyd0zxnw.avif'),
	(247, 35, 'https://res.cloudinary.com/dxctlgwec/image/upload/v1699200800/odumvghewfr9incrcbqp.avif'),
	(248, 35, 'https://res.cloudinary.com/dxctlgwec/image/upload/v1699200800/xwgwgplnhxhpcw9nouv4.avif'),
	(249, 35, 'https://res.cloudinary.com/dxctlgwec/image/upload/v1699200801/vxwul1o1axjunoex0sow.avif'),
	(250, 35, 'https://res.cloudinary.com/dxctlgwec/image/upload/v1699200801/dnlyjish2t2oiqbsfuaz.avif'),
	(251, 36, 'https://res.cloudinary.com/dxctlgwec/image/upload/v1699201141/wnnvhtmh2lxjtheu6xxc.avif'),
	(252, 36, 'https://res.cloudinary.com/dxctlgwec/image/upload/v1699201142/hhjj3ypakuw6dxhidgwn.avif'),
	(253, 36, 'https://res.cloudinary.com/dxctlgwec/image/upload/v1699201143/wkfzmpye5lrnboamp6r8.avif'),
	(254, 36, 'https://res.cloudinary.com/dxctlgwec/image/upload/v1699201143/lwqbh1ce5d60xy9tz9p7.avif'),
	(255, 36, 'https://res.cloudinary.com/dxctlgwec/image/upload/v1699201144/bvjmaublogcroahnyulq.avif'),
	(256, 36, 'https://res.cloudinary.com/dxctlgwec/image/upload/v1699201144/esldn4i2sxdo3r5hbs4c.avif'),
	(257, 36, 'https://res.cloudinary.com/dxctlgwec/image/upload/v1699201146/oqibpgynfgfhzatjyy3c.avif'),
	(258, 36, 'https://res.cloudinary.com/dxctlgwec/image/upload/v1699201147/a9teyn8jr0dbnl7f3eej.avif'),
	(259, 37, 'https://res.cloudinary.com/dxctlgwec/image/upload/v1699201209/hb9k1utntyhvaelizy1o.avif'),
	(260, 37, 'https://res.cloudinary.com/dxctlgwec/image/upload/v1699201210/emaiq7yl7ysir4qlcct8.avif'),
	(261, 37, 'https://res.cloudinary.com/dxctlgwec/image/upload/v1699201210/mwgeff9iadontyohnxvc.avif'),
	(262, 37, 'https://res.cloudinary.com/dxctlgwec/image/upload/v1699201212/ekgxmkef0ezmbtoolsbg.avif'),
	(263, 37, 'https://res.cloudinary.com/dxctlgwec/image/upload/v1699201213/b2youc4ykuonmrvzk0nl.avif'),
	(264, 37, 'https://res.cloudinary.com/dxctlgwec/image/upload/v1699201214/bjvnzd81tnskmzswi1s8.avif'),
	(265, 37, 'https://res.cloudinary.com/dxctlgwec/image/upload/v1699201215/bovwko4jbij0llzhklsr.avif'),
	(266, 37, 'https://res.cloudinary.com/dxctlgwec/image/upload/v1699201215/fdnntofkts3zn6vvyiaa.avif'),
	(267, 37, 'https://res.cloudinary.com/dxctlgwec/image/upload/v1699201216/fmyneot1qg2ipufdrusi.avif'),
	(268, 38, 'https://res.cloudinary.com/dxctlgwec/image/upload/v1699201340/ebzhmbcz1sxavkjkhzkd.avif'),
	(269, 38, 'https://res.cloudinary.com/dxctlgwec/image/upload/v1699201341/yn9bz7zhoxttni54qyc1.avif'),
	(270, 38, 'https://res.cloudinary.com/dxctlgwec/image/upload/v1699201342/gcyohcj0zhzam9e1srqf.avif'),
	(271, 38, 'https://res.cloudinary.com/dxctlgwec/image/upload/v1699201342/duujdmgrhfjreijvsvu9.avif'),
	(272, 38, 'https://res.cloudinary.com/dxctlgwec/image/upload/v1699201343/pmwzaucct3irebyuiow0.avif'),
	(273, 38, 'https://res.cloudinary.com/dxctlgwec/image/upload/v1699201343/upenpjczb53phh1wqkzw.avif'),
	(274, 38, 'https://res.cloudinary.com/dxctlgwec/image/upload/v1699201344/dwbtrwejqb2k6oxftg0a.avif'),
	(275, 38, 'https://res.cloudinary.com/dxctlgwec/image/upload/v1699201345/cn35f1zlqdb9prxcxejp.avif'),
	(276, 38, 'https://res.cloudinary.com/dxctlgwec/image/upload/v1699201345/tbtmoyy96ieijnbizww8.avif'),
	(277, 39, 'https://res.cloudinary.com/dxctlgwec/image/upload/v1699201418/s7hlky6rgzglf46cmncw.avif'),
	(278, 39, 'https://res.cloudinary.com/dxctlgwec/image/upload/v1699201419/hn4g60ftymjz6xnqweki.avif'),
	(279, 39, 'https://res.cloudinary.com/dxctlgwec/image/upload/v1699201419/cqpw5n7bmgley6mbz5um.avif'),
	(280, 39, 'https://res.cloudinary.com/dxctlgwec/image/upload/v1699201420/w3ylt4dk9rtfxydt6hkm.avif'),
	(281, 39, 'https://res.cloudinary.com/dxctlgwec/image/upload/v1699201420/km8nmvacuiernumrlgnn.avif'),
	(282, 39, 'https://res.cloudinary.com/dxctlgwec/image/upload/v1699201421/ytqhj9rr57zrl0vvn2lr.avif'),
	(283, 39, 'https://res.cloudinary.com/dxctlgwec/image/upload/v1699201421/svr4gexrxgahzphanjog.avif'),
	(284, 39, 'https://res.cloudinary.com/dxctlgwec/image/upload/v1699201422/jinz3yh1z8v0skjlpfag.avif'),
	(285, 39, 'https://res.cloudinary.com/dxctlgwec/image/upload/v1699201422/lbx9imjialbkjbwpm2se.avif'),
	(286, 39, 'https://res.cloudinary.com/dxctlgwec/image/upload/v1699201423/kwnnbssaxyrvlc4gsv7s.avif'),
	(287, 39, 'https://res.cloudinary.com/dxctlgwec/image/upload/v1699201423/ai3pkfuheoekvmni3qbc.avif'),
	(288, 40, 'https://res.cloudinary.com/dxctlgwec/image/upload/v1699250075/ctztjquwshzzfuhgn7ff.webp'),
	(289, 40, 'https://res.cloudinary.com/dxctlgwec/image/upload/v1699250076/w6qrun0qhvbsccmerh72.webp'),
	(290, 40, 'https://res.cloudinary.com/dxctlgwec/image/upload/v1699250076/lugi5dwxelq021c9j97o.webp'),
	(291, 40, 'https://res.cloudinary.com/dxctlgwec/image/upload/v1699250077/g78njn5wbupv2rypqkhu.webp'),
	(292, 40, 'https://res.cloudinary.com/dxctlgwec/image/upload/v1699250077/grxtmhkuoagobna1yqoa.webp'),
	(293, 40, 'https://res.cloudinary.com/dxctlgwec/image/upload/v1699250078/uylfny8zauyz85h8wweh.webp'),
	(294, 40, 'https://res.cloudinary.com/dxctlgwec/image/upload/v1699250079/ujtfxlz8btiqkgz5ekos.webp'),
	(295, 40, 'https://res.cloudinary.com/dxctlgwec/image/upload/v1699250079/qdzn7xgtwxxefoj9aq5g.webp'),
	(296, 41, 'https://res.cloudinary.com/dxctlgwec/image/upload/v1699250143/szguvekdee6lqnn8mn0j.webp'),
	(297, 41, 'https://res.cloudinary.com/dxctlgwec/image/upload/v1699250143/jbdznrfrgrdwunmknxzx.webp'),
	(298, 41, 'https://res.cloudinary.com/dxctlgwec/image/upload/v1699250144/nflxtrd0yscsqbsqprds.webp'),
	(299, 41, 'https://res.cloudinary.com/dxctlgwec/image/upload/v1699250144/fbmtdvxhq4bouvh8j1cy.webp'),
	(300, 41, 'https://res.cloudinary.com/dxctlgwec/image/upload/v1699250145/b72riag9putdvkv3c69h.webp'),
	(301, 42, 'https://res.cloudinary.com/dxctlgwec/image/upload/v1699250219/m23dbu8rw1qdb6bshngs.webp'),
	(302, 42, 'https://res.cloudinary.com/dxctlgwec/image/upload/v1699250219/hcaxsynf3j8jtdutioma.webp'),
	(303, 42, 'https://res.cloudinary.com/dxctlgwec/image/upload/v1699250220/vwnqjwvikujordywk8hv.webp'),
	(304, 42, 'https://res.cloudinary.com/dxctlgwec/image/upload/v1699250220/djcsaxsbulp8zl2qdcbq.webp'),
	(305, 42, 'https://res.cloudinary.com/dxctlgwec/image/upload/v1699250220/pzcdgddqqnced3wnn7pt.webp'),
	(306, 42, 'https://res.cloudinary.com/dxctlgwec/image/upload/v1699250221/hvlnigmd820lqs9iwq5e.webp'),
	(307, 42, 'https://res.cloudinary.com/dxctlgwec/image/upload/v1699250221/a2q4ejgycqltclamd1me.webp'),
	(308, 43, 'https://res.cloudinary.com/dxctlgwec/image/upload/v1699250356/nupkkchnwsyic2of38ce.webp'),
	(309, 43, 'https://res.cloudinary.com/dxctlgwec/image/upload/v1699250357/agd39kdh9gd52da3ddhd.webp'),
	(310, 43, 'https://res.cloudinary.com/dxctlgwec/image/upload/v1699250358/pq7zdwlq1i12mw6udmsi.webp'),
	(311, 43, 'https://res.cloudinary.com/dxctlgwec/image/upload/v1699250358/w0djpdzuihxpc1kxmhne.webp'),
	(312, 43, 'https://res.cloudinary.com/dxctlgwec/image/upload/v1699250358/jadkqohsv4tr0tgeljfg.webp'),
	(313, 43, 'https://res.cloudinary.com/dxctlgwec/image/upload/v1699250359/cv5anzygsuutetcnfn0g.webp'),
	(314, 43, 'https://res.cloudinary.com/dxctlgwec/image/upload/v1699250359/mkktbnyd1x80xryjougr.webp'),
	(315, 43, 'https://res.cloudinary.com/dxctlgwec/image/upload/v1699250359/pld1wqtehvejvh1kbuuv.webp'),
	(316, 43, 'https://res.cloudinary.com/dxctlgwec/image/upload/v1699250360/yafdj1mn3gctrhwvo40s.webp'),
	(317, 44, 'https://res.cloudinary.com/dxctlgwec/image/upload/v1699250445/zzwnybwvuphzsc2cvsza.webp'),
	(318, 44, 'https://res.cloudinary.com/dxctlgwec/image/upload/v1699250445/h2cvck1zzr06as64ewve.webp'),
	(319, 44, 'https://res.cloudinary.com/dxctlgwec/image/upload/v1699250446/f6anp2merhu8lswsvwnp.webp'),
	(320, 44, 'https://res.cloudinary.com/dxctlgwec/image/upload/v1699250446/ny2fukctrqrjh8vpwayg.webp'),
	(321, 44, 'https://res.cloudinary.com/dxctlgwec/image/upload/v1699250446/wdzsulpg0llwmidqtk3t.webp'),
	(322, 44, 'https://res.cloudinary.com/dxctlgwec/image/upload/v1699250447/fqv2qzge4bvvd52dsccz.webp'),
	(323, 44, 'https://res.cloudinary.com/dxctlgwec/image/upload/v1699250447/ifbvigy1apaut7qjgr0y.webp'),
	(324, 45, 'https://res.cloudinary.com/dxctlgwec/image/upload/v1699250526/zdxtoybnzlzehglfkuch.webp'),
	(325, 45, 'https://res.cloudinary.com/dxctlgwec/image/upload/v1699250526/xt0vil1sqlsx9olr9l2d.webp'),
	(326, 45, 'https://res.cloudinary.com/dxctlgwec/image/upload/v1699250527/koqkrqa92gmkrl92ruya.webp'),
	(327, 45, 'https://res.cloudinary.com/dxctlgwec/image/upload/v1699250527/ylrsiwehynzr2zpbvrhl.webp'),
	(328, 45, 'https://res.cloudinary.com/dxctlgwec/image/upload/v1699250527/j0sgtrc2qnjz0i3pekvz.webp'),
	(329, 45, 'https://res.cloudinary.com/dxctlgwec/image/upload/v1699250528/tgzem9wuztaycmqvkzrj.webp'),
	(330, 45, 'https://res.cloudinary.com/dxctlgwec/image/upload/v1699250528/aicytocoxhgjo7ugbrxs.webp'),
	(331, 45, 'https://res.cloudinary.com/dxctlgwec/image/upload/v1699250529/sgppauyxfybz1cs7abnt.webp'),
	(332, 45, 'https://res.cloudinary.com/dxctlgwec/image/upload/v1699250529/l7wbnmiaeqxwgbfuzvop.webp'),
	(333, 45, 'https://res.cloudinary.com/dxctlgwec/image/upload/v1699250530/bamo1moqstplbwh62or8.webp'),
	(334, 9, 'https://res.cloudinary.com/dxctlgwec/image/upload/v1699032294/tpav3rvsjjgablixap3l.webp'),
	(335, 9, 'https://res.cloudinary.com/dxctlgwec/image/upload/v1699032300/rfichow9vosnoe5r8c7y.webp'),
	(336, 9, 'https://res.cloudinary.com/dxctlgwec/image/upload/v1699032303/n10iavtglcddh6vem7ga.jpg'),
	(337, 9, 'https://res.cloudinary.com/dxctlgwec/image/upload/v1699032306/jfwsoooh6vkkbtaatofm.jpg'),
	(338, 9, 'https://res.cloudinary.com/dxctlgwec/image/upload/v1699032309/pw1rrih4gatgzocjvft5.webp'),
	(339, 9, 'https://res.cloudinary.com/dxctlgwec/image/upload/v1699032311/qoanpk3inig3xwvtkhxu.webp');

-- Dumping structure for table twinkle.product_price
CREATE TABLE IF NOT EXISTS `product_price` (
  `price` float DEFAULT NULL,
  `applied_date` datetime(6) DEFAULT NULL,
  `id` bigint(20) NOT NULL AUTO_INCREMENT,
  `product_id` bigint(20) DEFAULT NULL,
  PRIMARY KEY (`id`),
  KEY `FK1b6m14snrjtr4yujpmy5cyp7r` (`product_id`),
  CONSTRAINT `FK1b6m14snrjtr4yujpmy5cyp7r` FOREIGN KEY (`product_id`) REFERENCES `products` (`id`)
) ENGINE=InnoDB AUTO_INCREMENT=54 DEFAULT CHARSET=utf8mb4 COLLATE=utf8mb4_general_ci;

-- Dumping data for table twinkle.product_price: ~43 rows (approximately)
DELETE FROM `product_price`;
INSERT INTO `product_price` (`price`, `applied_date`, `id`, `product_id`) VALUES
	(480, '2023-11-03 17:01:21.950000', 9, 3),
	(300, '2023-11-04 00:13:56.562000', 11, 4),
	(480, '2023-11-04 00:16:10.276000', 12, 5),
	(190.8, '2023-11-04 00:18:37.097000', 13, 6),
	(167.88, '2023-11-04 00:19:56.936000', 14, 7),
	(238.8, '2023-11-04 00:22:02.794000', 15, 8),
	(66, '2023-11-04 00:24:50.026000', 16, 9),
	(144, '2023-11-04 00:26:04.372000', 17, 10),
	(96, '2023-11-04 00:27:27.106000', 18, 11),
	(144, '2023-11-03 17:33:28.244000', 19, 12),
	(180, '2023-11-03 17:34:43.852000', 20, 13),
	(156, '2023-11-03 17:35:33.611000', 21, 14),
	(154.8, '2023-11-03 17:36:33.641000', 22, 15),
	(191.988, '2023-11-04 00:34:52.234000', 23, 16),
	(167.988, '2023-11-04 00:35:53.039000', 24, 17),
	(131.988, '2023-11-04 00:37:01.624000', 25, 18),
	(197.988, '2023-11-04 00:37:58.036000', 26, 19),
	(167.988, '2023-11-04 00:38:53.897000', 27, 20),
	(203.988, '2023-11-04 00:39:45.442000', 28, 21),
	(90, '2023-11-04 11:09:06.724000', 29, 22),
	(78, '2023-11-04 11:13:48.284000', 30, 23),
	(132, '2023-11-04 11:17:34.762000', 31, 24),
	(108, '2023-11-04 11:17:35.774000', 32, 25),
	(102, '2023-11-04 11:20:02.849000', 33, 26),
	(252, '2023-11-04 11:21:29.745000', 34, 27),
	(416.4, '2023-11-04 11:24:56.212000', 35, 28),
	(150, '2023-11-04 11:27:19.351000', 36, 29),
	(144, '2023-11-04 11:28:54.270000', 37, 30),
	(156, '2023-11-04 11:30:13.697000', 38, 31),
	(144, '2023-11-04 11:31:38.402000', 39, 32),
	(132, '2023-11-04 11:32:59.738000', 40, 33),
	(191.988, '2023-11-05 16:11:58.113000', 41, 34),
	(540, '2023-11-05 16:13:16.878000', 42, 35),
	(177.6, '2023-11-05 16:19:01.134000', 43, 36),
	(144, '2023-11-05 16:20:09.054000', 44, 37),
	(300, '2023-11-05 16:22:20.510000', 45, 38),
	(144, '2023-11-05 16:23:38.834000', 46, 39),
	(204, '2023-11-06 05:54:35.281000', 47, 40),
	(204, '2023-11-06 05:55:43.224000', 48, 41),
	(156, '2023-11-06 05:56:59.055000', 49, 42),
	(70.8, '2023-11-06 05:59:16.489000', 50, 43),
	(4.8, '2023-11-06 06:00:45.097000', 51, 44),
	(202.8, '2023-11-06 06:02:06.153000', 52, 45),
	(48, '2023-11-06 19:54:33.000000', 53, 9);

-- Dumping structure for table twinkle.provider
CREATE TABLE IF NOT EXISTS `provider` (
  `id` bigint(20) NOT NULL AUTO_INCREMENT,
  `phone_number` varchar(15) NOT NULL,
  `email` varchar(100) DEFAULT NULL,
  `name` varchar(100) DEFAULT NULL,
  `address` varchar(250) DEFAULT NULL,
  `description` varchar(255) DEFAULT NULL,
  `website` varchar(255) DEFAULT NULL,
  PRIMARY KEY (`id`)
) ENGINE=InnoDB AUTO_INCREMENT=8 DEFAULT CHARSET=utf8mb4 COLLATE=utf8mb4_general_ci;

-- Dumping data for table twinkle.provider: ~7 rows (approximately)
DELETE FROM `provider`;
INSERT INTO `provider` (`id`, `phone_number`, `email`, `name`, `address`, `description`, `website`) VALUES
	(1, '+1-503-671-6453', 'nike@gmail.com', 'Nike', 'United States', 'Nike, Inc.', 'https://www.nike.com/'),
	(2, '+49 9132 84-0', 'adidas@gmail.com', 'Adidas', 'Germany', 'Adidas AG', 'https://www.adidas.com/'),
	(3, '+1-978-983-3100', 'converse@gmail.com', 'Converse', 'United States', 'Converse, Inc.', 'https://www.converse.com/'),
	(4, '+49 9132 81-0', 'puma@gmail.com', 'Puma', 'Germany', 'Puma SE', 'https://www.puma.com/'),
	(5, '+49 9132 81-0', 'rebook@gmail.com', 'Reebok', 'United States', 'Reebok International Ltd.', 'https://www.reebok.com/'),
	(6, '+1-855-909-8267', 'vans@gmail.com', 'Vans', 'United States', 'Vans, Inc.', 'https://www.vans.com/'),
	(7, '+1-800-595-9138', 'newbalance@gmail.com', 'New Balance', 'United States', 'New Balance Athletics, Inc.', 'https://www.newbalance.com/');

-- Dumping structure for table twinkle.roles
CREATE TABLE IF NOT EXISTS `roles` (
  `id` bigint(20) NOT NULL AUTO_INCREMENT,
  `name` varchar(100) NOT NULL,
  PRIMARY KEY (`id`)
) ENGINE=InnoDB AUTO_INCREMENT=3 DEFAULT CHARSET=utf8mb4 COLLATE=utf8mb4_general_ci;

-- Dumping data for table twinkle.roles: ~2 rows (approximately)
DELETE FROM `roles`;
INSERT INTO `roles` (`id`, `name`) VALUES
	(1, 'USER'),
	(2, 'ADMIN');

-- Dumping structure for table twinkle.social_accounts
CREATE TABLE IF NOT EXISTS `social_accounts` (
  `id` bigint(20) NOT NULL AUTO_INCREMENT,
  `user_id` bigint(20) DEFAULT NULL,
  `provider` varchar(20) NOT NULL,
  `provider_id` varchar(50) NOT NULL,
  `name` varchar(100) DEFAULT NULL,
  `email` varchar(150) DEFAULT NULL,
  PRIMARY KEY (`id`),
  KEY `FK6rmxxiton5yuvu7ph2hcq2xn7` (`user_id`),
  CONSTRAINT `FK6rmxxiton5yuvu7ph2hcq2xn7` FOREIGN KEY (`user_id`) REFERENCES `users` (`id`)
) ENGINE=InnoDB DEFAULT CHARSET=utf8mb4 COLLATE=utf8mb4_general_ci;

-- Dumping data for table twinkle.social_accounts: ~0 rows (approximately)
DELETE FROM `social_accounts`;

-- Dumping structure for table twinkle.tokens
CREATE TABLE IF NOT EXISTS `tokens` (
  `expired` bit(1) NOT NULL,
  `revoked` bit(1) NOT NULL,
  `expiration_date` datetime(6) DEFAULT NULL,
  `id` bigint(20) NOT NULL AUTO_INCREMENT,
  `user_id` bigint(20) DEFAULT NULL,
  `token_type` varchar(50) NOT NULL,
  `token` varchar(255) NOT NULL,
  PRIMARY KEY (`id`),
  KEY `FK2dylsfo39lgjyqml2tbe0b0ss` (`user_id`),
  CONSTRAINT `FK2dylsfo39lgjyqml2tbe0b0ss` FOREIGN KEY (`user_id`) REFERENCES `users` (`id`)
) ENGINE=InnoDB DEFAULT CHARSET=utf8mb4 COLLATE=utf8mb4_general_ci;

-- Dumping data for table twinkle.tokens: ~0 rows (approximately)
DELETE FROM `tokens`;

-- Dumping structure for table twinkle.users
CREATE TABLE IF NOT EXISTS `users` (
  `facebook_account_id` int(11) DEFAULT NULL,
  `google_account_id` int(11) DEFAULT NULL,
  `is_active` bit(1) DEFAULT NULL,
  `created_at` datetime(6) DEFAULT NULL,
  `date_of_birth` datetime(6) DEFAULT NULL,
  `id` bigint(20) NOT NULL AUTO_INCREMENT,
  `role_id` bigint(20) DEFAULT NULL,
  `updated_at` datetime(6) DEFAULT NULL,
  `phone_number` varchar(10) NOT NULL,
  `fullname` varchar(100) DEFAULT NULL,
  `password` varchar(100) NOT NULL,
  `address` varchar(200) DEFAULT NULL,
  `avatar` varchar(255) DEFAULT NULL,
  PRIMARY KEY (`id`),
  UNIQUE KEY `UK_9q63snka3mdh91as4io72espi` (`phone_number`),
  KEY `FKp56c1712k691lhsyewcssf40f` (`role_id`),
  CONSTRAINT `FKp56c1712k691lhsyewcssf40f` FOREIGN KEY (`role_id`) REFERENCES `roles` (`id`)
) ENGINE=InnoDB AUTO_INCREMENT=5 DEFAULT CHARSET=utf8mb4 COLLATE=utf8mb4_general_ci;

-- Dumping data for table twinkle.users: ~3 rows (approximately)
DELETE FROM `users`;
INSERT INTO `users` (`facebook_account_id`, `google_account_id`, `is_active`, `created_at`, `date_of_birth`, `id`, `role_id`, `updated_at`, `phone_number`, `fullname`, `password`, `address`, `avatar`) VALUES
	(0, 0, b'1', '2023-09-20 22:00:49.000000', '2023-09-20 00:00:00.000000', 1, 1, '2023-09-20 22:00:50.000000', '111111111', 'anonymous', 'anonymous', 'anonymous', 'https://img.myloview.com/stickers/default-avatar-profile-icon-vector-social-media-user-photo-700-205577532.jpg'),
	(0, 0, b'1', '2023-09-14 10:26:38.000000', '2002-10-10 00:00:00.000000', 2, 2, '2023-11-08 15:19:12.000000', '0911077285', 'Trịnh huỳnh chấn quang', '$2a$10$zf7KVcQ.mnKvF/vY16fRsegagNCIqlXwfuGq6Ws8OejyvIcMgAyHi', '18/29 Thanh Đa123', 'https://res.cloudinary.com/dxctlgwec/image/upload/v1695958085/q0vm9ch3jzdddpkgx7qv.jpg'),
	(0, 0, b'1', '2023-11-04 22:58:50.000000', '2002-10-04 00:00:00.000000', 3, 1, '2023-11-08 15:18:55.000000', '01234567', 'Bé Phú tới chơi', '$2a$10$moj/qi8esOtDil1BdCSyreW2mHjjTI9G.NssEs2WcKd0nK9dr6cRi', 'Bình Dương sao saii', 'https://img.myloview.com/stickers/default-avatar-profile-icon-vector-social-media-user-photo-700-205577532.jpg'),
	(0, 0, b'1', '2023-11-07 21:36:37.000000', '1975-03-20 08:00:00.000000', 4, 2, '2023-11-08 15:20:25.000000', '0918245977', 'Huỳnh Thị Thu Hồng', '$2a$10$cPRvm0nxcaooKDV4TEr7AOkKLT/GGVzWmKjJdSWTOeYY7kq/858q.', '123 thanh da', 'https://img.myloview.com/stickers/default-avatar-profile-icon-vector-social-media-user-photo-700-205577532.jpg');

/*!40103 SET TIME_ZONE=IFNULL(@OLD_TIME_ZONE, 'system') */;
/*!40101 SET SQL_MODE=IFNULL(@OLD_SQL_MODE, '') */;
/*!40014 SET FOREIGN_KEY_CHECKS=IFNULL(@OLD_FOREIGN_KEY_CHECKS, 1) */;
/*!40101 SET CHARACTER_SET_CLIENT=@OLD_CHARACTER_SET_CLIENT */;
/*!40111 SET SQL_NOTES=IFNULL(@OLD_SQL_NOTES, 1) */;
